"case_id","population","source_index","source","input_digest"
"simulated_r001_m01","anolis-simulated",1,"anolis_simulated_1000.rds#1","16e0e21d428d43792ba2b74d4e311079"
"simulated_r001_m02","anolis-simulated",2,"anolis_simulated_1000.rds#2","25fb984c6d5ad3693cb2eb332c8ae4fd"
"simulated_r001_m03","anolis-simulated",3,"anolis_simulated_1000.rds#3","0d45313c6c6f1eea467e52918e5cfc9b"
"simulated_r001_m04","anolis-simulated",4,"anolis_simulated_1000.rds#4","c1140b6f24175cbfd126ec854511dfd3"
"simulated_r001_m05","anolis-simulated",5,"anolis_simulated_1000.rds#5","299d06b1af948da8bf439f3956473f7f"
"simulated_r001_m06","anolis-simulated",6,"anolis_simulated_1000.rds#6","0e20a4e840e0afd557847cc9d425614e"
"simulated_r001_m07","anolis-simulated",7,"anolis_simulated_1000.rds#7","822084b8e54a03bb80cb0cc1eb5b4a83"
"simulated_r001_m08","anolis-simulated",8,"anolis_simulated_1000.rds#8","a57a81d92e98ffcf245946cd10e33764"
"simulated_r001_m09","anolis-simulated",9,"anolis_simulated_1000.rds#9","d7a6bbafb2ac38f036c4eae89039681d"
"simulated_r001_m10","anolis-simulated",10,"anolis_simulated_1000.rds#10","219da0f5dcc3dd32ae9471fbc1cec1c0"
"simulated_r002_m01","anolis-simulated",11,"anolis_simulated_1000.rds#11","808c4ed493206bd488fb2093f5a496bc"
"simulated_r002_m02","anolis-simulated",12,"anolis_simulated_1000.rds#12","37948ec0944000143bbdf92caae7696d"
"simulated_r002_m03","anolis-simulated",13,"anolis_simulated_1000.rds#13","5b2db280ccb45989a0a6725dd915c8a4"
"simulated_r002_m04","anolis-simulated",14,"anolis_simulated_1000.rds#14","71ef4dda37e51bef6dec5196b6bbf3a7"
"simulated_r002_m05","anolis-simulated",15,"anolis_simulated_1000.rds#15","657989b7a820beb0818e792bce1ce103"
"simulated_r002_m06","anolis-simulated",16,"anolis_simulated_1000.rds#16","2bbf0579d6a54c70e883c64065c01c2e"
"simulated_r002_m07","anolis-simulated",17,"anolis_simulated_1000.rds#17","c082784bd8fad453b1ac6611a30686de"
"simulated_r002_m08","anolis-simulated",18,"anolis_simulated_1000.rds#18","cdc201bace1c75ae17ec712752806ce6"
"simulated_r002_m09","anolis-simulated",19,"anolis_simulated_1000.rds#19","9db507edada1415fd0b7a4a527c82437"
"simulated_r002_m10","anolis-simulated",20,"anolis_simulated_1000.rds#20","333e58d9c8e5dd8768e7efa1a03db5e3"
"simulated_r003_m01","anolis-simulated",21,"anolis_simulated_1000.rds#21","ec6df262479116334ca597fd05739951"
"simulated_r003_m02","anolis-simulated",22,"anolis_simulated_1000.rds#22","bf83f3172f63b261158cb528543bbef5"
"simulated_r003_m03","anolis-simulated",23,"anolis_simulated_1000.rds#23","f2fccb63c44b5875b0737ea7e1e258c8"
"simulated_r003_m04","anolis-simulated",24,"anolis_simulated_1000.rds#24","4d4043d6b6d179afdec469ba862be125"
"simulated_r003_m05","anolis-simulated",25,"anolis_simulated_1000.rds#25","883e8aa208bfb8912362d3a428c6bfd8"
"simulated_r003_m06","anolis-simulated",26,"anolis_simulated_1000.rds#26","ec92bb9da9fcfe7e756d3539c8fdd2d2"
"simulated_r003_m07","anolis-simulated",27,"anolis_simulated_1000.rds#27","5069b0f7f40067be187e90a22ba97620"
"simulated_r003_m08","anolis-simulated",28,"anolis_simulated_1000.rds#28","4f20b3533260471ce73b9a275977d58d"
"simulated_r003_m09","anolis-simulated",29,"anolis_simulated_1000.rds#29","21b186c608c1669fc5508bd96864b1cf"
"simulated_r003_m10","anolis-simulated",30,"anolis_simulated_1000.rds#30","bb4231128cf07b6df7e581e71181e8fb"
"simulated_r004_m01","anolis-simulated",31,"anolis_simulated_1000.rds#31","90b60d67f50acdc338a347692e806746"
"simulated_r004_m02","anolis-simulated",32,"anolis_simulated_1000.rds#32","8dc8376c65dd496de2fa1c9d01423a86"
"simulated_r004_m03","anolis-simulated",33,"anolis_simulated_1000.rds#33","476699bfdad3a8150883da5f44859b9f"
"simulated_r004_m04","anolis-simulated",34,"anolis_simulated_1000.rds#34","339bd7f09b21d0ed663fbe44f00fb5a0"
"simulated_r004_m05","anolis-simulated",35,"anolis_simulated_1000.rds#35","df8c28c992ce8e4145c8df04166eaacf"
"simulated_r004_m06","anolis-simulated",36,"anolis_simulated_1000.rds#36","aa46ef8e757ce9b4c43ca96cca9faf41"
"simulated_r004_m07","anolis-simulated",37,"anolis_simulated_1000.rds#37","efc7db247af098c024a5da8ecca3f94c"
"simulated_r004_m08","anolis-simulated",38,"anolis_simulated_1000.rds#38","c8cbd9b2678a236294d9b4e375abba48"
"simulated_r004_m09","anolis-simulated",39,"anolis_simulated_1000.rds#39","88737258f8d1186a5f92cee3c21e1605"
"simulated_r004_m10","anolis-simulated",40,"anolis_simulated_1000.rds#40","3c2d344f0506a7d75218d60a742e97ae"
"simulated_r005_m01","anolis-simulated",41,"anolis_simulated_1000.rds#41","95da43e77b437747fecf2ff7a99573ca"
"simulated_r005_m02","anolis-simulated",42,"anolis_simulated_1000.rds#42","fb1814b943736437b4ed8056aedf7612"
"simulated_r005_m03","anolis-simulated",43,"anolis_simulated_1000.rds#43","97ca7bf5da5b761c9afef7d22c0fc23e"
"simulated_r005_m04","anolis-simulated",44,"anolis_simulated_1000.rds#44","d3a2fca1119c9fdca25261650ecf84b3"
"simulated_r005_m05","anolis-simulated",45,"anolis_simulated_1000.rds#45","955ac8d028f0c6c990d31bc707265bac"
"simulated_r005_m06","anolis-simulated",46,"anolis_simulated_1000.rds#46","2778299f895cd5ee2248d488f9db34b0"
"simulated_r005_m07","anolis-simulated",47,"anolis_simulated_1000.rds#47","86554308b304ca6da2697649a9719e32"
"simulated_r005_m08","anolis-simulated",48,"anolis_simulated_1000.rds#48","1edb75e548baf8aa8bb4a6b47895de8b"
"simulated_r005_m09","anolis-simulated",49,"anolis_simulated_1000.rds#49","9a172657d4cecafd4003e5b54f2415a2"
"simulated_r005_m10","anolis-simulated",50,"anolis_simulated_1000.rds#50","ab83989adf84c5b4ca898ea3ba8cf12a"
"simulated_r006_m01","anolis-simulated",51,"anolis_simulated_1000.rds#51","37c15e6238274d7cea223793ffb8a3ea"
"simulated_r006_m02","anolis-simulated",52,"anolis_simulated_1000.rds#52","a80b06357092f9bfa2077c2fa4320439"
"simulated_r006_m03","anolis-simulated",53,"anolis_simulated_1000.rds#53","b4bdfe2f92f3b2c0dad547220a377a9f"
"simulated_r006_m04","anolis-simulated",54,"anolis_simulated_1000.rds#54","df4d902f2fe0ff48f00777c9e454b220"
"simulated_r006_m05","anolis-simulated",55,"anolis_simulated_1000.rds#55","82b05687c7e2274fb4b6406e29221c80"
"simulated_r006_m06","anolis-simulated",56,"anolis_simulated_1000.rds#56","13ebd81f4b2078062ccac2107a32b5e4"
"simulated_r006_m07","anolis-simulated",57,"anolis_simulated_1000.rds#57","73e1cc6a6437a504592800649d36a0b8"
"simulated_r006_m08","anolis-simulated",58,"anolis_simulated_1000.rds#58","26e890730545cd7e9669032df9b155be"
"simulated_r006_m09","anolis-simulated",59,"anolis_simulated_1000.rds#59","0cf06d3b7502516448e5cef00b3874f0"
"simulated_r006_m10","anolis-simulated",60,"anolis_simulated_1000.rds#60","72ce0c45cf924da785e53af10658aced"
"simulated_r007_m01","anolis-simulated",61,"anolis_simulated_1000.rds#61","1baaf4bda2baea803757a99c64b42880"
"simulated_r007_m02","anolis-simulated",62,"anolis_simulated_1000.rds#62","3c0e8c5995881dc2b9583dfdefe896d8"
"simulated_r007_m03","anolis-simulated",63,"anolis_simulated_1000.rds#63","047dfef93e9980f7f256f0c776481b13"
"simulated_r007_m04","anolis-simulated",64,"anolis_simulated_1000.rds#64","42a4ba2ae55bca7054b1310d53314c1d"
"simulated_r007_m05","anolis-simulated",65,"anolis_simulated_1000.rds#65","b449258e19f4feb4841e1b2c678067fb"
"simulated_r007_m06","anolis-simulated",66,"anolis_simulated_1000.rds#66","2c1d6abee62a164669252fb1f46ed235"
"simulated_r007_m07","anolis-simulated",67,"anolis_simulated_1000.rds#67","e0f1127b8f478aa8cdfc54d07df5fca6"
"simulated_r007_m08","anolis-simulated",68,"anolis_simulated_1000.rds#68","c25696666d581116104dc42ca947a216"
"simulated_r007_m09","anolis-simulated",69,"anolis_simulated_1000.rds#69","a2ecce5c24c132de18d3ace52dcb5f32"
"simulated_r007_m10","anolis-simulated",70,"anolis_simulated_1000.rds#70","a713e0625f61c9f4dbb9ef6504268251"
"simulated_r008_m01","anolis-simulated",71,"anolis_simulated_1000.rds#71","ca0e301ade21480f9e74b8162d0e6033"
"simulated_r008_m02","anolis-simulated",72,"anolis_simulated_1000.rds#72","bcb3d591a3472b4e5349965e7836c79d"
"simulated_r008_m03","anolis-simulated",73,"anolis_simulated_1000.rds#73","4d8cba27ed8119ace0d81cf24bd728f1"
"simulated_r008_m04","anolis-simulated",74,"anolis_simulated_1000.rds#74","bca220a7457ac90baae5e7ccee4be068"
"simulated_r008_m05","anolis-simulated",75,"anolis_simulated_1000.rds#75","4fbde2ac15939ae455ed2fc821d32bca"
"simulated_r008_m06","anolis-simulated",76,"anolis_simulated_1000.rds#76","3969dd9fc7e9a7987a8a13a00545780b"
"simulated_r008_m07","anolis-simulated",77,"anolis_simulated_1000.rds#77","a5514ca55d42ecd055ebcb01c206b6b1"
"simulated_r008_m08","anolis-simulated",78,"anolis_simulated_1000.rds#78","ea6e70dbf5bf382f2182627856b6dd59"
"simulated_r008_m09","anolis-simulated",79,"anolis_simulated_1000.rds#79","c2eb18f8e1d2762fb8ad6984081ff1d8"
"simulated_r008_m10","anolis-simulated",80,"anolis_simulated_1000.rds#80","4fe44a22900c15e0ef9f31bc49be8f0e"
"simulated_r009_m01","anolis-simulated",81,"anolis_simulated_1000.rds#81","133d5c1f81211c1b8bfe2cca8a910b86"
"simulated_r009_m02","anolis-simulated",82,"anolis_simulated_1000.rds#82","fcc07cf36aa052cf2701c28e631f7241"
"simulated_r009_m03","anolis-simulated",83,"anolis_simulated_1000.rds#83","a2eb932838df10b0b53043565b08667d"
"simulated_r009_m04","anolis-simulated",84,"anolis_simulated_1000.rds#84","d58b32c77d860465ee198e8d763d9371"
"simulated_r009_m05","anolis-simulated",85,"anolis_simulated_1000.rds#85","3bfb685b463117416e6dc38895ff0156"
"simulated_r009_m06","anolis-simulated",86,"anolis_simulated_1000.rds#86","20628aa92df4f16cb5cf788d1d080d34"
"simulated_r009_m07","anolis-simulated",87,"anolis_simulated_1000.rds#87","b44e848ae65d42463b69ff9a2412d487"
"simulated_r009_m08","anolis-simulated",88,"anolis_simulated_1000.rds#88","3a1d2f3fa3721858ed61f9acce0d20be"
"simulated_r009_m09","anolis-simulated",89,"anolis_simulated_1000.rds#89","685f245d2a2efb7e3ed9b4e9b76c2d42"
"simulated_r009_m10","anolis-simulated",90,"anolis_simulated_1000.rds#90","50d47e7405fb512b5068f0ce77d772cb"
"simulated_r010_m01","anolis-simulated",91,"anolis_simulated_1000.rds#91","032c6b2a0b63c56c8e0557b3dc5a45b5"
"simulated_r010_m02","anolis-simulated",92,"anolis_simulated_1000.rds#92","e811809887c8a03502e057162eec07c6"
"simulated_r010_m03","anolis-simulated",93,"anolis_simulated_1000.rds#93","aeb0931452aebcd81f5356ccd2a99d02"
"simulated_r010_m04","anolis-simulated",94,"anolis_simulated_1000.rds#94","e9537d8a1fd3befb1eea306686cfff1c"
"simulated_r010_m05","anolis-simulated",95,"anolis_simulated_1000.rds#95","5778ea9d3ddb6acb3b9ea8305152d287"
"simulated_r010_m06","anolis-simulated",96,"anolis_simulated_1000.rds#96","40a39ec870e773cc4b73170d4768b23a"
"simulated_r010_m07","anolis-simulated",97,"anolis_simulated_1000.rds#97","95501d4c6c7013298ad0c2a26efef20c"
"simulated_r010_m08","anolis-simulated",98,"anolis_simulated_1000.rds#98","9597ad1d634c863a1cc134bfe5514d7a"
"simulated_r010_m09","anolis-simulated",99,"anolis_simulated_1000.rds#99","47e4d6b402e1b933347a561af658c310"
"simulated_r010_m10","anolis-simulated",100,"anolis_simulated_1000.rds#100","2b05ba2eb7ab5d66c7b76f190b210bc9"
"simulated_r011_m01","anolis-simulated",101,"anolis_simulated_1000.rds#101","dada18d9127bb713fa99d55893e28544"
"simulated_r011_m02","anolis-simulated",102,"anolis_simulated_1000.rds#102","ec22422c85ebc441b91aeffc0e01c0f3"
"simulated_r011_m03","anolis-simulated",103,"anolis_simulated_1000.rds#103","658db28952ac68eed82eaeaf79f11f8c"
"simulated_r011_m04","anolis-simulated",104,"anolis_simulated_1000.rds#104","18a31044c9a8611363d9991f195e29ca"
"simulated_r011_m05","anolis-simulated",105,"anolis_simulated_1000.rds#105","a46d823fb9b5cf86ca0a2676426947c7"
"simulated_r011_m06","anolis-simulated",106,"anolis_simulated_1000.rds#106","4c48b9d82e63c8c6d8cb7af9eb1df6e1"
"simulated_r011_m07","anolis-simulated",107,"anolis_simulated_1000.rds#107","ab1232353c21e5f30aacfca284689c42"
"simulated_r011_m08","anolis-simulated",108,"anolis_simulated_1000.rds#108","42168a2fe0dda168b2dbb60359dd1e07"
"simulated_r011_m09","anolis-simulated",109,"anolis_simulated_1000.rds#109","b9918b58673695221abcfe2632223875"
"simulated_r011_m10","anolis-simulated",110,"anolis_simulated_1000.rds#110","f394197d81602032fe898f326fe04245"
"simulated_r012_m01","anolis-simulated",111,"anolis_simulated_1000.rds#111","d10ee25bf06786aa6c02680cebe32674"
"simulated_r012_m02","anolis-simulated",112,"anolis_simulated_1000.rds#112","4f2f53b755059a4921a497fd5c893d94"
"simulated_r012_m03","anolis-simulated",113,"anolis_simulated_1000.rds#113","3d5d420d18e6395a3bf6d41656ac23e2"
"simulated_r012_m04","anolis-simulated",114,"anolis_simulated_1000.rds#114","edffad6864d687006ba8272329874aec"
"simulated_r012_m05","anolis-simulated",115,"anolis_simulated_1000.rds#115","e314418ae4fef48b37e9d2be63e34a86"
"simulated_r012_m06","anolis-simulated",116,"anolis_simulated_1000.rds#116","f506a8d9fc324d2d5222fae24fc66a6a"
"simulated_r012_m07","anolis-simulated",117,"anolis_simulated_1000.rds#117","8b4e6750b0a06e27fe8e80fd19ea3535"
"simulated_r012_m08","anolis-simulated",118,"anolis_simulated_1000.rds#118","1856bf6cc1d9cfb6cc5cb74fc90e5abd"
"simulated_r012_m09","anolis-simulated",119,"anolis_simulated_1000.rds#119","583190249ef17e748dd5accec7b24dc1"
"simulated_r012_m10","anolis-simulated",120,"anolis_simulated_1000.rds#120","ca8d547e77ec899a05d35eb9530701f3"
"simulated_r013_m01","anolis-simulated",121,"anolis_simulated_1000.rds#121","a1fef38978d497fb6d6f114e07936228"
"simulated_r013_m02","anolis-simulated",122,"anolis_simulated_1000.rds#122","abcbed8e0b311d0b330559191d0b77f2"
"simulated_r013_m03","anolis-simulated",123,"anolis_simulated_1000.rds#123","7bbe8f65022c6e38cd70e29c765bed71"
"simulated_r013_m04","anolis-simulated",124,"anolis_simulated_1000.rds#124","c10aeeb16d920985873eb3ccbeb0b571"
"simulated_r013_m05","anolis-simulated",125,"anolis_simulated_1000.rds#125","23ff6e54e375bec5f0ae787e129ce2c0"
"simulated_r013_m06","anolis-simulated",126,"anolis_simulated_1000.rds#126","3d0d727c0d56873de23194026dcc2e6e"
"simulated_r013_m07","anolis-simulated",127,"anolis_simulated_1000.rds#127","243b15620f2006d67325567787f88b99"
"simulated_r013_m08","anolis-simulated",128,"anolis_simulated_1000.rds#128","b29b697ad6af19b624edaeb94179424c"
"simulated_r013_m09","anolis-simulated",129,"anolis_simulated_1000.rds#129","29c3871397dac267aa9ee7f905921eee"
"simulated_r013_m10","anolis-simulated",130,"anolis_simulated_1000.rds#130","44f37a084da7b82ccb98287ff0efb811"
"simulated_r014_m01","anolis-simulated",131,"anolis_simulated_1000.rds#131","c82a72b43d97f4562913cdcfd587a4f4"
"simulated_r014_m02","anolis-simulated",132,"anolis_simulated_1000.rds#132","ab5571be2a50ba0b30a166d5171ef3db"
"simulated_r014_m03","anolis-simulated",133,"anolis_simulated_1000.rds#133","3622a11304c9f5f1b9622e723c760956"
"simulated_r014_m04","anolis-simulated",134,"anolis_simulated_1000.rds#134","1d23c7a9688965e7b7f461b1c58d28a1"
"simulated_r014_m05","anolis-simulated",135,"anolis_simulated_1000.rds#135","21e98a5e875289279b65c0dddc16285c"
"simulated_r014_m06","anolis-simulated",136,"anolis_simulated_1000.rds#136","11a8e0b00393c2bbcb55f61778a72c52"
"simulated_r014_m07","anolis-simulated",137,"anolis_simulated_1000.rds#137","8e6f5558ab3ead18603a40c4c6a24071"
"simulated_r014_m08","anolis-simulated",138,"anolis_simulated_1000.rds#138","9d7899d72d4307882d7415022bb3fb20"
"simulated_r014_m09","anolis-simulated",139,"anolis_simulated_1000.rds#139","c1e37aa3577d53fb7fd411374c167e33"
"simulated_r014_m10","anolis-simulated",140,"anolis_simulated_1000.rds#140","28296344861e923688e260710d53f3da"
"simulated_r015_m01","anolis-simulated",141,"anolis_simulated_1000.rds#141","a5b0039d16ed7da6b545dba5d1c61abc"
"simulated_r015_m02","anolis-simulated",142,"anolis_simulated_1000.rds#142","a2602d66da56c30c0952c6866cfa1653"
"simulated_r015_m03","anolis-simulated",143,"anolis_simulated_1000.rds#143","42cfaa3397f7ac05f9178bed91ec0e9f"
"simulated_r015_m04","anolis-simulated",144,"anolis_simulated_1000.rds#144","330873c20f3f36f42ba20d65b808ece3"
"simulated_r015_m05","anolis-simulated",145,"anolis_simulated_1000.rds#145","2b9d6343cdb671996568423d758a5ead"
"simulated_r015_m06","anolis-simulated",146,"anolis_simulated_1000.rds#146","b7d045e576ba4fecce9dc0b0d89d0418"
"simulated_r015_m07","anolis-simulated",147,"anolis_simulated_1000.rds#147","19c1cf26fe43d0ec3f00509c49c30b82"
"simulated_r015_m08","anolis-simulated",148,"anolis_simulated_1000.rds#148","6da30fddc9f7bada95037d025d591cca"
"simulated_r015_m09","anolis-simulated",149,"anolis_simulated_1000.rds#149","0d8175b0955bcc84de8e8bdb75e0074f"
"simulated_r015_m10","anolis-simulated",150,"anolis_simulated_1000.rds#150","08ce2509bf2c67ce4489776b6e19faee"
"simulated_r016_m01","anolis-simulated",151,"anolis_simulated_1000.rds#151","f503d7714e0184169c511db8b93bee3e"
"simulated_r016_m02","anolis-simulated",152,"anolis_simulated_1000.rds#152","cb82cea5b2008bac939b98977d020281"
"simulated_r016_m03","anolis-simulated",153,"anolis_simulated_1000.rds#153","62f43ea9773902e10e8c7a457d1a3664"
"simulated_r016_m04","anolis-simulated",154,"anolis_simulated_1000.rds#154","1430e10f648ad49f4742d5c40fdfc72e"
"simulated_r016_m05","anolis-simulated",155,"anolis_simulated_1000.rds#155","6c5e140c18cc447894aa6e7fca69ffcc"
"simulated_r016_m06","anolis-simulated",156,"anolis_simulated_1000.rds#156","07cd328b70361fe82571b766395491c4"
"simulated_r016_m07","anolis-simulated",157,"anolis_simulated_1000.rds#157","29b1e8ba20093cbf16b5822d779ed629"
"simulated_r016_m08","anolis-simulated",158,"anolis_simulated_1000.rds#158","fc26792b6337e89e8a335c42c4c0e93f"
"simulated_r016_m09","anolis-simulated",159,"anolis_simulated_1000.rds#159","e2a3a696ddda7a31294ffb6cf91745e5"
"simulated_r016_m10","anolis-simulated",160,"anolis_simulated_1000.rds#160","83311bf571b4f322de2008599aed071a"
"simulated_r017_m01","anolis-simulated",161,"anolis_simulated_1000.rds#161","199f63cfe5e7c13f98decebe69da69a8"
"simulated_r017_m02","anolis-simulated",162,"anolis_simulated_1000.rds#162","f8562e3639908f194ea7df824bdb9c09"
"simulated_r017_m03","anolis-simulated",163,"anolis_simulated_1000.rds#163","c4e2b76c58db9bf0036784acd9a19b49"
"simulated_r017_m04","anolis-simulated",164,"anolis_simulated_1000.rds#164","848f7da0528a20df296d30d71c94f6d7"
"simulated_r017_m05","anolis-simulated",165,"anolis_simulated_1000.rds#165","a5c39a4e25290fc3209b987e70a0d4a2"
"simulated_r017_m06","anolis-simulated",166,"anolis_simulated_1000.rds#166","1c512486257a1680d55284ee3d6ba37c"
"simulated_r017_m07","anolis-simulated",167,"anolis_simulated_1000.rds#167","c47e2f0bd5bec0913280e3e76280edc6"
"simulated_r017_m08","anolis-simulated",168,"anolis_simulated_1000.rds#168","d174616aa7b5b7bd3932e0e7ada0e733"
"simulated_r017_m09","anolis-simulated",169,"anolis_simulated_1000.rds#169","9ef72996c73f1ddc324c1ac861f46db6"
"simulated_r017_m10","anolis-simulated",170,"anolis_simulated_1000.rds#170","2443fa26ed2553ded4a5c76c4eb83615"
"simulated_r018_m01","anolis-simulated",171,"anolis_simulated_1000.rds#171","62111f8a5bdedb6f168ae64773ad0970"
"simulated_r018_m02","anolis-simulated",172,"anolis_simulated_1000.rds#172","385143806a66bd48ceddfeab840882a3"
"simulated_r018_m03","anolis-simulated",173,"anolis_simulated_1000.rds#173","f0da57a95f6a0530518826612fec5e75"
"simulated_r018_m04","anolis-simulated",174,"anolis_simulated_1000.rds#174","b8992c96a7ab2fa5e03fd50bc682b9c4"
"simulated_r018_m05","anolis-simulated",175,"anolis_simulated_1000.rds#175","e916b6586aeb2558772ac1b7db12af94"
"simulated_r018_m06","anolis-simulated",176,"anolis_simulated_1000.rds#176","b69eae3820b452e8276fb0daf7c3fdd6"
"simulated_r018_m07","anolis-simulated",177,"anolis_simulated_1000.rds#177","80dac827f3ca3b74c4d5c72ef4001fe6"
"simulated_r018_m08","anolis-simulated",178,"anolis_simulated_1000.rds#178","ff6af202ce82a293d8d860a1a6d7774a"
"simulated_r018_m09","anolis-simulated",179,"anolis_simulated_1000.rds#179","446d24b8595a5398d5b81c1528a16aa0"
"simulated_r018_m10","anolis-simulated",180,"anolis_simulated_1000.rds#180","0c7b727d14c1a6d977ec6ab27a5f5c87"
"simulated_r019_m01","anolis-simulated",181,"anolis_simulated_1000.rds#181","5107649d72d15907a9610288dbc49ba0"
"simulated_r019_m02","anolis-simulated",182,"anolis_simulated_1000.rds#182","403854e64b6b3baf2d7772d8d59eab18"
"simulated_r019_m03","anolis-simulated",183,"anolis_simulated_1000.rds#183","c7f017a2c626178e228609eecbc46752"
"simulated_r019_m04","anolis-simulated",184,"anolis_simulated_1000.rds#184","2c1fb5ea0fa1494da5650cdaf41481ee"
"simulated_r019_m05","anolis-simulated",185,"anolis_simulated_1000.rds#185","09fce4d10f9b9851bb3930de54af2c57"
"simulated_r019_m06","anolis-simulated",186,"anolis_simulated_1000.rds#186","b15a9bc4ae80a8557acb5f50ce333fa5"
"simulated_r019_m07","anolis-simulated",187,"anolis_simulated_1000.rds#187","ab414e3cb1d0c8bef13b2b385480c2fd"
"simulated_r019_m08","anolis-simulated",188,"anolis_simulated_1000.rds#188","879bd18b3e99ed55fdd9a9efa08f0c51"
"simulated_r019_m09","anolis-simulated",189,"anolis_simulated_1000.rds#189","cdeafc0c7cee72dbd907121f6a3837ba"
"simulated_r019_m10","anolis-simulated",190,"anolis_simulated_1000.rds#190","86a431111ed26434ae27c7e5be5a110d"
"simulated_r020_m01","anolis-simulated",191,"anolis_simulated_1000.rds#191","527171dba6236b27751b12e0abb1e4d5"
"simulated_r020_m02","anolis-simulated",192,"anolis_simulated_1000.rds#192","d43b657e6b35e704a51338901ec67bb6"
"simulated_r020_m03","anolis-simulated",193,"anolis_simulated_1000.rds#193","1685426f0126012a55af52355faf237b"
"simulated_r020_m04","anolis-simulated",194,"anolis_simulated_1000.rds#194","44ff5412e511c22717e0f82ff06a4317"
"simulated_r020_m05","anolis-simulated",195,"anolis_simulated_1000.rds#195","ec13f76701252d49aedef9c42c861e49"
"simulated_r020_m06","anolis-simulated",196,"anolis_simulated_1000.rds#196","82c487dbd1e89ac8cd0f56126b941a6d"
"simulated_r020_m07","anolis-simulated",197,"anolis_simulated_1000.rds#197","831c1ef83014e53093d9049ef2122c7d"
"simulated_r020_m08","anolis-simulated",198,"anolis_simulated_1000.rds#198","d3ef9e47c0647c4eba0eef2f525ad946"
"simulated_r020_m09","anolis-simulated",199,"anolis_simulated_1000.rds#199","1c2655fb070689c0c53f7236e0c2a549"
"simulated_r020_m10","anolis-simulated",200,"anolis_simulated_1000.rds#200","c107ce7b6bb4af2fac09e3965aa87d5e"
"simulated_r021_m01","anolis-simulated",201,"anolis_simulated_1000.rds#201","ff200b60dfb661d602fc2702b5c6254b"
"simulated_r021_m02","anolis-simulated",202,"anolis_simulated_1000.rds#202","a14c0730b8f593977d04a7a8811927b6"
"simulated_r021_m03","anolis-simulated",203,"anolis_simulated_1000.rds#203","5cf3a7c01966191b789527ed19566b28"
"simulated_r021_m04","anolis-simulated",204,"anolis_simulated_1000.rds#204","db462ac00aacae920c94f6eab7bb31ee"
"simulated_r021_m05","anolis-simulated",205,"anolis_simulated_1000.rds#205","ff0340e0fedf73664dda0d4f42bc9e44"
"simulated_r021_m06","anolis-simulated",206,"anolis_simulated_1000.rds#206","0751e7815c4913860488a4b8992ea1ef"
"simulated_r021_m07","anolis-simulated",207,"anolis_simulated_1000.rds#207","21ce01afaa810e27c429d74ba750b640"
"simulated_r021_m08","anolis-simulated",208,"anolis_simulated_1000.rds#208","f9a3dfce05c92ea5edd13747ae693fce"
"simulated_r021_m09","anolis-simulated",209,"anolis_simulated_1000.rds#209","cd5980adbc7994ef976c0765904ef3db"
"simulated_r021_m10","anolis-simulated",210,"anolis_simulated_1000.rds#210","c62d3eff6bc6f7ff7f626ecaa969aea0"
"simulated_r022_m01","anolis-simulated",211,"anolis_simulated_1000.rds#211","de25881c90cac1e4b7af91ee3a1ea5d4"
"simulated_r022_m02","anolis-simulated",212,"anolis_simulated_1000.rds#212","cdcf88f037c7f8b2a059b542ccb38346"
"simulated_r022_m03","anolis-simulated",213,"anolis_simulated_1000.rds#213","8130fe12b8ee9a6a6f44208183d0b8b0"
"simulated_r022_m04","anolis-simulated",214,"anolis_simulated_1000.rds#214","2ea674e3314c149f54c711cd1a408df4"
"simulated_r022_m05","anolis-simulated",215,"anolis_simulated_1000.rds#215","fdcc0075464154fd9b19827069e43647"
"simulated_r022_m06","anolis-simulated",216,"anolis_simulated_1000.rds#216","1db5100c047a73ece0731c9d28e4f237"
"simulated_r022_m07","anolis-simulated",217,"anolis_simulated_1000.rds#217","412418d812db9e7929521477039bf8ad"
"simulated_r022_m08","anolis-simulated",218,"anolis_simulated_1000.rds#218","a6e3b5304e0f454822026b9c0c0cc0b3"
"simulated_r022_m09","anolis-simulated",219,"anolis_simulated_1000.rds#219","5f8ac96bdf7064018b0d546c3ba3dbb4"
"simulated_r022_m10","anolis-simulated",220,"anolis_simulated_1000.rds#220","44ecf5580d2d2c3404911d581f0cd0fc"
"simulated_r023_m01","anolis-simulated",221,"anolis_simulated_1000.rds#221","a0874c70006babe51f67f72734836fd7"
"simulated_r023_m02","anolis-simulated",222,"anolis_simulated_1000.rds#222","8ca89147eb9982630c6729c001d9e689"
"simulated_r023_m03","anolis-simulated",223,"anolis_simulated_1000.rds#223","63adbc3c0f9aea1f3d0a99f8fc04b7fe"
"simulated_r023_m04","anolis-simulated",224,"anolis_simulated_1000.rds#224","2199a8850b82c869a38fa7c7c1e66faa"
"simulated_r023_m05","anolis-simulated",225,"anolis_simulated_1000.rds#225","5ac2a90f2d36356596d850235497544f"
"simulated_r023_m06","anolis-simulated",226,"anolis_simulated_1000.rds#226","7a7658a6c150c94128eb2aa785db5ccf"
"simulated_r023_m07","anolis-simulated",227,"anolis_simulated_1000.rds#227","6d5387e8165b88e0661be2569b1a78e7"
"simulated_r023_m08","anolis-simulated",228,"anolis_simulated_1000.rds#228","96f0942ddad0e1b832b2337441c0e81b"
"simulated_r023_m09","anolis-simulated",229,"anolis_simulated_1000.rds#229","63600d70a79155f93894c220194440c7"
"simulated_r023_m10","anolis-simulated",230,"anolis_simulated_1000.rds#230","d530c15cbb3224c6bbb3898836d9a5fa"
"simulated_r024_m01","anolis-simulated",231,"anolis_simulated_1000.rds#231","ba21971b4db34b6c9a3bcd9fa5dd6c3a"
"simulated_r024_m02","anolis-simulated",232,"anolis_simulated_1000.rds#232","a9cdad5f1ff5ccef2e067abef5e18231"
"simulated_r024_m03","anolis-simulated",233,"anolis_simulated_1000.rds#233","7e16333f419566f5dd22b79dbd54c1f5"
"simulated_r024_m04","anolis-simulated",234,"anolis_simulated_1000.rds#234","1ec60c160c5d3146963083081603aa7e"
"simulated_r024_m05","anolis-simulated",235,"anolis_simulated_1000.rds#235","dc49716ca8d34dadc612f52ff1fe3e72"
"simulated_r024_m06","anolis-simulated",236,"anolis_simulated_1000.rds#236","37a3e1649f4e5d4f2d8c483862fb84bf"
"simulated_r024_m07","anolis-simulated",237,"anolis_simulated_1000.rds#237","809060ec0ac83cc828989ca6001cc913"
"simulated_r024_m08","anolis-simulated",238,"anolis_simulated_1000.rds#238","5672992cc0b7c847ea3cd6cb3bd36b63"
"simulated_r024_m09","anolis-simulated",239,"anolis_simulated_1000.rds#239","47e2df951b3e5c38be15fc80bd2d5fb0"
"simulated_r024_m10","anolis-simulated",240,"anolis_simulated_1000.rds#240","a782ab2ca728ac4fa82e409c7dac2585"
"simulated_r025_m01","anolis-simulated",241,"anolis_simulated_1000.rds#241","40a12117648d1a4839c5a5a59e3dbead"
"simulated_r025_m02","anolis-simulated",242,"anolis_simulated_1000.rds#242","d43ebf0146d30384af933d822d01d244"
"simulated_r025_m03","anolis-simulated",243,"anolis_simulated_1000.rds#243","1838b7362cb0fc480f795722ebfcb338"
"simulated_r025_m04","anolis-simulated",244,"anolis_simulated_1000.rds#244","2b0b5914a3f6a1aee72b5e9f3ebe64e7"
"simulated_r025_m05","anolis-simulated",245,"anolis_simulated_1000.rds#245","acd1f3307a2cc62162e2fe208f703f50"
"simulated_r025_m06","anolis-simulated",246,"anolis_simulated_1000.rds#246","c486e29970fed0060df933c626e6e51e"
"simulated_r025_m07","anolis-simulated",247,"anolis_simulated_1000.rds#247","57dd3da9a343c8b37f30c9f6abd138de"
"simulated_r025_m08","anolis-simulated",248,"anolis_simulated_1000.rds#248","b24b40b7c474f14c5745f3648a1ab2cf"
"simulated_r025_m09","anolis-simulated",249,"anolis_simulated_1000.rds#249","451bc16b1b19f08a7772a40d32a92185"
"simulated_r025_m10","anolis-simulated",250,"anolis_simulated_1000.rds#250","8eb8feace4ceaa03d04ea118d9e36454"
"simulated_r026_m01","anolis-simulated",251,"anolis_simulated_1000.rds#251","923683dc746ee67e02016819f97fe26f"
"simulated_r026_m02","anolis-simulated",252,"anolis_simulated_1000.rds#252","1d3a8b4e03d5cbad107436f392b861ed"
"simulated_r026_m03","anolis-simulated",253,"anolis_simulated_1000.rds#253","70185e8d1795a0481f1c81ca1eccf4bb"
"simulated_r026_m04","anolis-simulated",254,"anolis_simulated_1000.rds#254","bb2ebd49991550b973f3d8cf7f7fc3c7"
"simulated_r026_m05","anolis-simulated",255,"anolis_simulated_1000.rds#255","b9c03b5909b5c9f5988d4750981ac7ee"
"simulated_r026_m06","anolis-simulated",256,"anolis_simulated_1000.rds#256","fa3e68a69247590310d7de183468f713"
"simulated_r026_m07","anolis-simulated",257,"anolis_simulated_1000.rds#257","e9260578277dd49ff10cee9863c2ae39"
"simulated_r026_m08","anolis-simulated",258,"anolis_simulated_1000.rds#258","7832b32f2c253bf1f5fef35633676335"
"simulated_r026_m09","anolis-simulated",259,"anolis_simulated_1000.rds#259","1ce8fa8c0dcd4aecc1eee7e7d3c2ef9d"
"simulated_r026_m10","anolis-simulated",260,"anolis_simulated_1000.rds#260","5420bea8e16ddf1b49c1af22876ae27d"
"simulated_r027_m01","anolis-simulated",261,"anolis_simulated_1000.rds#261","0fb56e3796b13bc1fb81ddd400dfee47"
"simulated_r027_m02","anolis-simulated",262,"anolis_simulated_1000.rds#262","1983568ccf158da2b4a725f15ed955b1"
"simulated_r027_m03","anolis-simulated",263,"anolis_simulated_1000.rds#263","62a11ea6138c74d02efe1ef53eec6d9f"
"simulated_r027_m04","anolis-simulated",264,"anolis_simulated_1000.rds#264","7442ded0fd67d816dc2ca007725dcacc"
"simulated_r027_m05","anolis-simulated",265,"anolis_simulated_1000.rds#265","798707adbe5c56dc9f6367ef603d1f27"
"simulated_r027_m06","anolis-simulated",266,"anolis_simulated_1000.rds#266","0c26ea2b2610b46d16d6b929b8ef2f04"
"simulated_r027_m07","anolis-simulated",267,"anolis_simulated_1000.rds#267","3df47ec96234e0c7a046f145b6150ae4"
"simulated_r027_m08","anolis-simulated",268,"anolis_simulated_1000.rds#268","8a00658c7129953ed71b30328e619090"
"simulated_r027_m09","anolis-simulated",269,"anolis_simulated_1000.rds#269","b4e1338960a80d11f6c9ef70f42e4efc"
"simulated_r027_m10","anolis-simulated",270,"anolis_simulated_1000.rds#270","ec1297020b0018c15c52178eee7d4a52"
"simulated_r028_m01","anolis-simulated",271,"anolis_simulated_1000.rds#271","3a8c8e21c5fca260abe4865e408a8c56"
"simulated_r028_m02","anolis-simulated",272,"anolis_simulated_1000.rds#272","c9bd7db05f9fd5a655c63c9bd46e5ee9"
"simulated_r028_m03","anolis-simulated",273,"anolis_simulated_1000.rds#273","ed46240d7545dd874b2f734b0ed32cbe"
"simulated_r028_m04","anolis-simulated",274,"anolis_simulated_1000.rds#274","cc6e91a820bf439c4eae8b4b093e6a2b"
"simulated_r028_m05","anolis-simulated",275,"anolis_simulated_1000.rds#275","ee6de96457c23c46173718fc548281d3"
"simulated_r028_m06","anolis-simulated",276,"anolis_simulated_1000.rds#276","e8fa7386934bf6ca2a118539d320b37c"
"simulated_r028_m07","anolis-simulated",277,"anolis_simulated_1000.rds#277","2d76f25c1cc124595542bfc9b9889082"
"simulated_r028_m08","anolis-simulated",278,"anolis_simulated_1000.rds#278","05706093c31bbe224d7208da572d8cf4"
"simulated_r028_m09","anolis-simulated",279,"anolis_simulated_1000.rds#279","bed7724db4bd8769572cfa3160306cb5"
"simulated_r028_m10","anolis-simulated",280,"anolis_simulated_1000.rds#280","27205f54b59018fd08260efb547699cc"
"simulated_r029_m01","anolis-simulated",281,"anolis_simulated_1000.rds#281","325411fce830dc5796107ff56a927250"
"simulated_r029_m02","anolis-simulated",282,"anolis_simulated_1000.rds#282","bfa107da1bfaf496cdaa5f17d67f8597"
"simulated_r029_m03","anolis-simulated",283,"anolis_simulated_1000.rds#283","1178c0fd327948c7629c247f586ed45e"
"simulated_r029_m04","anolis-simulated",284,"anolis_simulated_1000.rds#284","e68e80e699508962ae5d827d1c81eb69"
"simulated_r029_m05","anolis-simulated",285,"anolis_simulated_1000.rds#285","04938ca15335a8a251ca5b958980439f"
"simulated_r029_m06","anolis-simulated",286,"anolis_simulated_1000.rds#286","a3fb3f89b391641794dbe70f35466d59"
"simulated_r029_m07","anolis-simulated",287,"anolis_simulated_1000.rds#287","8bdc83a460e3bbafa4a694f96c8535db"
"simulated_r029_m08","anolis-simulated",288,"anolis_simulated_1000.rds#288","b9eb1a5bf0407296ecaa1c7c7a26fb97"
"simulated_r029_m09","anolis-simulated",289,"anolis_simulated_1000.rds#289","cd8e228cf56352c6f415cd9eaf22bd0d"
"simulated_r029_m10","anolis-simulated",290,"anolis_simulated_1000.rds#290","dfe5da41ed7ce3accf0d783f63e50091"
"simulated_r030_m01","anolis-simulated",291,"anolis_simulated_1000.rds#291","3ab0b3d1230e1db21bd88be018347357"
"simulated_r030_m02","anolis-simulated",292,"anolis_simulated_1000.rds#292","9140477ce1b3b9dc0471cfd9ed22ea94"
"simulated_r030_m03","anolis-simulated",293,"anolis_simulated_1000.rds#293","ecee43b0829008a48911296b333de0c9"
"simulated_r030_m04","anolis-simulated",294,"anolis_simulated_1000.rds#294","4d45face7a08a701b6905f972e76f31f"
"simulated_r030_m05","anolis-simulated",295,"anolis_simulated_1000.rds#295","d0b90de4359a8a7c70cf2d47f49dd084"
"simulated_r030_m06","anolis-simulated",296,"anolis_simulated_1000.rds#296","5f60be68330c32d1286a3ec352c532a7"
"simulated_r030_m07","anolis-simulated",297,"anolis_simulated_1000.rds#297","fd5c66cb0e5b5ee19394c5f5eb93175f"
"simulated_r030_m08","anolis-simulated",298,"anolis_simulated_1000.rds#298","5062ade88008c84454d7d251c669e1a9"
"simulated_r030_m09","anolis-simulated",299,"anolis_simulated_1000.rds#299","a2f0708e6e10939eb9d3dd59a5e0d90b"
"simulated_r030_m10","anolis-simulated",300,"anolis_simulated_1000.rds#300","1f2ed349ab0c516d14bc53d0c6bdc51d"
"simulated_r031_m01","anolis-simulated",301,"anolis_simulated_1000.rds#301","85ad21675ac4cec040a0976fb0309c7f"
"simulated_r031_m02","anolis-simulated",302,"anolis_simulated_1000.rds#302","77c3729ca4c5cb44ae0f2e018721ecfb"
"simulated_r031_m03","anolis-simulated",303,"anolis_simulated_1000.rds#303","9a30a9ea4832c967ec57109203820447"
"simulated_r031_m04","anolis-simulated",304,"anolis_simulated_1000.rds#304","82d4f74445060679ae9b56aa4bb109f7"
"simulated_r031_m05","anolis-simulated",305,"anolis_simulated_1000.rds#305","9b65f3d16de1b31fde6862102f26c627"
"simulated_r031_m06","anolis-simulated",306,"anolis_simulated_1000.rds#306","01f59bc99b11e59b0727a46327077832"
"simulated_r031_m07","anolis-simulated",307,"anolis_simulated_1000.rds#307","e237ced92af2fcb3c59ead544e5c90c1"
"simulated_r031_m08","anolis-simulated",308,"anolis_simulated_1000.rds#308","7bb2f9234a5460f5ab35d1a847e24836"
"simulated_r031_m09","anolis-simulated",309,"anolis_simulated_1000.rds#309","da17056037d9ac1150f5ae7032137fa1"
"simulated_r031_m10","anolis-simulated",310,"anolis_simulated_1000.rds#310","56a9a09ad0be9c588b4442a6cf96233a"
"simulated_r032_m01","anolis-simulated",311,"anolis_simulated_1000.rds#311","2232c8c22d43ba29d5faa1b6390252b0"
"simulated_r032_m02","anolis-simulated",312,"anolis_simulated_1000.rds#312","31787b517d566f010ceb769cadfe6689"
"simulated_r032_m03","anolis-simulated",313,"anolis_simulated_1000.rds#313","95eeddcbb4f06043db298d0fabe53196"
"simulated_r032_m04","anolis-simulated",314,"anolis_simulated_1000.rds#314","6c0ff6264dc31def20d83dd49c2d29fb"
"simulated_r032_m05","anolis-simulated",315,"anolis_simulated_1000.rds#315","c95b6692f6fe91a291b7455e4d7a0bbd"
"simulated_r032_m06","anolis-simulated",316,"anolis_simulated_1000.rds#316","5fa6321ec6061a08c02d27918ac8b3d9"
"simulated_r032_m07","anolis-simulated",317,"anolis_simulated_1000.rds#317","dddcf11dfdef3f4fc7329e736f905837"
"simulated_r032_m08","anolis-simulated",318,"anolis_simulated_1000.rds#318","87755be14fcafdbe995951a3d7a1d0da"
"simulated_r032_m09","anolis-simulated",319,"anolis_simulated_1000.rds#319","4710adde612c8122d2bc7ec4cadb36f9"
"simulated_r032_m10","anolis-simulated",320,"anolis_simulated_1000.rds#320","ac2c8e1046bfd5771d35e55d25b2aca7"
"simulated_r033_m01","anolis-simulated",321,"anolis_simulated_1000.rds#321","39ef2c814e34b1dff5382d4903ac44fb"
"simulated_r033_m02","anolis-simulated",322,"anolis_simulated_1000.rds#322","a31b69fad92d1ebc03e2dde277860ecd"
"simulated_r033_m03","anolis-simulated",323,"anolis_simulated_1000.rds#323","fc9e5a16b5d5512b9f9121b59d0b216a"
"simulated_r033_m04","anolis-simulated",324,"anolis_simulated_1000.rds#324","202a15d2a18026878db2fdc7383f246f"
"simulated_r033_m05","anolis-simulated",325,"anolis_simulated_1000.rds#325","ac0aa4012701f9da733973cdb7049616"
"simulated_r033_m06","anolis-simulated",326,"anolis_simulated_1000.rds#326","a041bfc797907b8c2a025cba9830e5bb"
"simulated_r033_m07","anolis-simulated",327,"anolis_simulated_1000.rds#327","45a74ba04614f890c8b310a9e9169f8d"
"simulated_r033_m08","anolis-simulated",328,"anolis_simulated_1000.rds#328","97ad0d22e78a1eb759a61a0fe4f43b01"
"simulated_r033_m09","anolis-simulated",329,"anolis_simulated_1000.rds#329","82a7f782f57cf5bec4a9918c840a3998"
"simulated_r033_m10","anolis-simulated",330,"anolis_simulated_1000.rds#330","46db18c2885a3b009f46eb366ed653e2"
"simulated_r034_m01","anolis-simulated",331,"anolis_simulated_1000.rds#331","2ec0def3373a6fd09f01db685f6b0e73"
"simulated_r034_m02","anolis-simulated",332,"anolis_simulated_1000.rds#332","a2ba041d4c42b8ca147a31adf89b24af"
"simulated_r034_m03","anolis-simulated",333,"anolis_simulated_1000.rds#333","1220281a422b0263f9fa8b79704c387a"
"simulated_r034_m04","anolis-simulated",334,"anolis_simulated_1000.rds#334","e0c6bb59c94a61c211aef734e891cf52"
"simulated_r034_m05","anolis-simulated",335,"anolis_simulated_1000.rds#335","fd8a43a99ca9e28a25aa4d875764b53b"
"simulated_r034_m06","anolis-simulated",336,"anolis_simulated_1000.rds#336","71faa65985a1865632ba21fd39703fed"
"simulated_r034_m07","anolis-simulated",337,"anolis_simulated_1000.rds#337","c6c52ca7661d36d9bf6964fa8295e7d9"
"simulated_r034_m08","anolis-simulated",338,"anolis_simulated_1000.rds#338","b57cb4f64bf81ad3a21b0181bb9ddb3e"
"simulated_r034_m09","anolis-simulated",339,"anolis_simulated_1000.rds#339","f787b712e21c839bf80967ed9ae77a27"
"simulated_r034_m10","anolis-simulated",340,"anolis_simulated_1000.rds#340","4faa26c743e5840e8a3369099266813b"
"simulated_r035_m01","anolis-simulated",341,"anolis_simulated_1000.rds#341","6df5887a01e39c1f2dc74266dd6e31f2"
"simulated_r035_m02","anolis-simulated",342,"anolis_simulated_1000.rds#342","76f1e9ddd7117de066dba3660afab79a"
"simulated_r035_m03","anolis-simulated",343,"anolis_simulated_1000.rds#343","4e3b8734171bca9c1a69a6a9f725b37b"
"simulated_r035_m04","anolis-simulated",344,"anolis_simulated_1000.rds#344","746866b9eb643cf8d3485138e5130457"
"simulated_r035_m05","anolis-simulated",345,"anolis_simulated_1000.rds#345","91b3084f61e0a2cdfe2cd1384456748b"
"simulated_r035_m06","anolis-simulated",346,"anolis_simulated_1000.rds#346","3d025f8a6009061e8c60040005b37923"
"simulated_r035_m07","anolis-simulated",347,"anolis_simulated_1000.rds#347","57ebff804b772e6cee5ea212a32b1088"
"simulated_r035_m08","anolis-simulated",348,"anolis_simulated_1000.rds#348","2ea63451fc52993587f29772b64233f4"
"simulated_r035_m09","anolis-simulated",349,"anolis_simulated_1000.rds#349","9dfe49c91ae855d9571d535439ce2c88"
"simulated_r035_m10","anolis-simulated",350,"anolis_simulated_1000.rds#350","b751074567146bacde5459b576fec82d"
"simulated_r036_m01","anolis-simulated",351,"anolis_simulated_1000.rds#351","5c223a2f9db7e0edcfef2d3af925267c"
"simulated_r036_m02","anolis-simulated",352,"anolis_simulated_1000.rds#352","a371a8cf497986163bceedb03b66cb06"
"simulated_r036_m03","anolis-simulated",353,"anolis_simulated_1000.rds#353","0f28a18eff10164205c5761325c7b4e9"
"simulated_r036_m04","anolis-simulated",354,"anolis_simulated_1000.rds#354","9ca9a5e77583dbcb6a9568d31ce8e4ed"
"simulated_r036_m05","anolis-simulated",355,"anolis_simulated_1000.rds#355","e057a8fb661704937182131a1bb2a44a"
"simulated_r036_m06","anolis-simulated",356,"anolis_simulated_1000.rds#356","99130ffb27429212d88252355c5aa18c"
"simulated_r036_m07","anolis-simulated",357,"anolis_simulated_1000.rds#357","d0cd4d7f3c66cb7f2cfb1849af1f413a"
"simulated_r036_m08","anolis-simulated",358,"anolis_simulated_1000.rds#358","e3ca5813beca80d6820f6e3f2d0e10e6"
"simulated_r036_m09","anolis-simulated",359,"anolis_simulated_1000.rds#359","d0100f963e72ddf5d438a64978ef675b"
"simulated_r036_m10","anolis-simulated",360,"anolis_simulated_1000.rds#360","5feae021c588d5cdade2598ff5fd9d61"
"simulated_r037_m01","anolis-simulated",361,"anolis_simulated_1000.rds#361","d25094f52a7d10bbb3ed26dbf4e87104"
"simulated_r037_m02","anolis-simulated",362,"anolis_simulated_1000.rds#362","a34207d497f5523c26149caff18fb383"
"simulated_r037_m03","anolis-simulated",363,"anolis_simulated_1000.rds#363","7cdd342eee0e8cd224b0ad107246efec"
"simulated_r037_m04","anolis-simulated",364,"anolis_simulated_1000.rds#364","5ea9bb5b89496c3ce575b8866b388dac"
"simulated_r037_m05","anolis-simulated",365,"anolis_simulated_1000.rds#365","811894581dcf00ecd26b0159d40c4623"
"simulated_r037_m06","anolis-simulated",366,"anolis_simulated_1000.rds#366","18ba1a8d05c442835ff857ab7cfa32e2"
"simulated_r037_m07","anolis-simulated",367,"anolis_simulated_1000.rds#367","91d3a89a51e1cd6fa110db0cb2d136ac"
"simulated_r037_m08","anolis-simulated",368,"anolis_simulated_1000.rds#368","970579fe90cef64b6424c3480ddcff80"
"simulated_r037_m09","anolis-simulated",369,"anolis_simulated_1000.rds#369","a75603b0ace87cfac67527d19e35abf5"
"simulated_r037_m10","anolis-simulated",370,"anolis_simulated_1000.rds#370","139c31e00a5177a2bcc58f605c59944f"
"simulated_r038_m01","anolis-simulated",371,"anolis_simulated_1000.rds#371","c5a171b0dcf140c8cffcb56391f30cf9"
"simulated_r038_m02","anolis-simulated",372,"anolis_simulated_1000.rds#372","d095da58fd9eb6670a1c229e46323584"
"simulated_r038_m03","anolis-simulated",373,"anolis_simulated_1000.rds#373","a79a909dc6bee571ea3299b098bb7a43"
"simulated_r038_m04","anolis-simulated",374,"anolis_simulated_1000.rds#374","44759da79b20f615d578c7773e3d45e4"
"simulated_r038_m05","anolis-simulated",375,"anolis_simulated_1000.rds#375","750d6eca1e3cb27a797790978551b0d6"
"simulated_r038_m06","anolis-simulated",376,"anolis_simulated_1000.rds#376","7fd0feaaa6d933d972254ee142619931"
"simulated_r038_m07","anolis-simulated",377,"anolis_simulated_1000.rds#377","3bcd95bde525cd229bc236292a97ba05"
"simulated_r038_m08","anolis-simulated",378,"anolis_simulated_1000.rds#378","5c6693ada84aaed71d5c5bf0d18c28bb"
"simulated_r038_m09","anolis-simulated",379,"anolis_simulated_1000.rds#379","3cb4ef52995276cd1d2970b33f8ebe37"
"simulated_r038_m10","anolis-simulated",380,"anolis_simulated_1000.rds#380","c3239c42ac667873d280a948d3832065"
"simulated_r039_m01","anolis-simulated",381,"anolis_simulated_1000.rds#381","3757121fec1d1d310a834845791966a2"
"simulated_r039_m02","anolis-simulated",382,"anolis_simulated_1000.rds#382","73a04ee90d89f09c09e65e8ca1005f8e"
"simulated_r039_m03","anolis-simulated",383,"anolis_simulated_1000.rds#383","3da6a8f6f59ebc271cd31331be93508b"
"simulated_r039_m04","anolis-simulated",384,"anolis_simulated_1000.rds#384","dd5093af550f0d651357f45621fbae25"
"simulated_r039_m05","anolis-simulated",385,"anolis_simulated_1000.rds#385","7b5aeacc6063618938a1f6066a4af9d5"
"simulated_r039_m06","anolis-simulated",386,"anolis_simulated_1000.rds#386","7a659698250796cf9cbddb725eecf296"
"simulated_r039_m07","anolis-simulated",387,"anolis_simulated_1000.rds#387","1287c8bcc46003ef67aa10b5b3a42af8"
"simulated_r039_m08","anolis-simulated",388,"anolis_simulated_1000.rds#388","f0e55f0ae9a05d25e92c029d9d7652f1"
"simulated_r039_m09","anolis-simulated",389,"anolis_simulated_1000.rds#389","eb0fc1a51861aec1bfa2161905061031"
"simulated_r039_m10","anolis-simulated",390,"anolis_simulated_1000.rds#390","4aa158832bdfd923a15474e34e20df67"
"simulated_r040_m01","anolis-simulated",391,"anolis_simulated_1000.rds#391","ee10eeccd6144fe1d6ddd51ef27a9b20"
"simulated_r040_m02","anolis-simulated",392,"anolis_simulated_1000.rds#392","54e40266986510dd2d8de992f525508d"
"simulated_r040_m03","anolis-simulated",393,"anolis_simulated_1000.rds#393","9e3c966061732d452f35323cdeacc5d5"
"simulated_r040_m04","anolis-simulated",394,"anolis_simulated_1000.rds#394","9be2b8b989d0a0f15b6b11f505183d57"
"simulated_r040_m05","anolis-simulated",395,"anolis_simulated_1000.rds#395","8a6be7acae9040207399765da41166bb"
"simulated_r040_m06","anolis-simulated",396,"anolis_simulated_1000.rds#396","6b08612ac5ff83ec49bcc6474958aa42"
"simulated_r040_m07","anolis-simulated",397,"anolis_simulated_1000.rds#397","15b85c5032d42c4bac0e8281c0a10a35"
"simulated_r040_m08","anolis-simulated",398,"anolis_simulated_1000.rds#398","6f473aa58e1948a4c36bd716c536b075"
"simulated_r040_m09","anolis-simulated",399,"anolis_simulated_1000.rds#399","b515dafd1f4886f9806164298b84f318"
"simulated_r040_m10","anolis-simulated",400,"anolis_simulated_1000.rds#400","b7211babe5b66c699e095be0e958f75b"
"simulated_r041_m01","anolis-simulated",401,"anolis_simulated_1000.rds#401","0283bd49b92d576e97d8e8bc1d456ca4"
"simulated_r041_m02","anolis-simulated",402,"anolis_simulated_1000.rds#402","6d77772efc00ffdef34c865cecd5f3c1"
"simulated_r041_m03","anolis-simulated",403,"anolis_simulated_1000.rds#403","4f7d20525c3420dcd3128a4e80d1cbc8"
"simulated_r041_m04","anolis-simulated",404,"anolis_simulated_1000.rds#404","784ddb4e346c79c6af51270fb412d23d"
"simulated_r041_m05","anolis-simulated",405,"anolis_simulated_1000.rds#405","89b5fa81ab7717d3902ba4ca3f49d661"
"simulated_r041_m06","anolis-simulated",406,"anolis_simulated_1000.rds#406","cbe77f46922056bd13bbe7c651d064cd"
"simulated_r041_m07","anolis-simulated",407,"anolis_simulated_1000.rds#407","26218d4d767523ef85c1b5a636083c4c"
"simulated_r041_m08","anolis-simulated",408,"anolis_simulated_1000.rds#408","77625187839ec7f5c9b05ed7906ea4b6"
"simulated_r041_m09","anolis-simulated",409,"anolis_simulated_1000.rds#409","469272628ca3afbb943d58c06b707f3f"
"simulated_r041_m10","anolis-simulated",410,"anolis_simulated_1000.rds#410","d3ad2a786228d62cfa43a71b8757055b"
"simulated_r042_m01","anolis-simulated",411,"anolis_simulated_1000.rds#411","d990f5e62710cfbef442f31d56d7f895"
"simulated_r042_m02","anolis-simulated",412,"anolis_simulated_1000.rds#412","dad4cd0720e7020712d7841da9d6c74b"
"simulated_r042_m03","anolis-simulated",413,"anolis_simulated_1000.rds#413","f33a6f40e996f7df79957c0939ac87c8"
"simulated_r042_m04","anolis-simulated",414,"anolis_simulated_1000.rds#414","0c5d91a2c8fd9998025bc44736488332"
"simulated_r042_m05","anolis-simulated",415,"anolis_simulated_1000.rds#415","7d3f60b2302228486a1285bf9cf2addc"
"simulated_r042_m06","anolis-simulated",416,"anolis_simulated_1000.rds#416","67a56e66d1f5631192db5f46feb7d83b"
"simulated_r042_m07","anolis-simulated",417,"anolis_simulated_1000.rds#417","080c1c18e5b3b375a73dbc46fb64d440"
"simulated_r042_m08","anolis-simulated",418,"anolis_simulated_1000.rds#418","7cdff4115d92d023178b95e3ab883a68"
"simulated_r042_m09","anolis-simulated",419,"anolis_simulated_1000.rds#419","41432eec5c734328c936d77020409a2e"
"simulated_r042_m10","anolis-simulated",420,"anolis_simulated_1000.rds#420","64df0e472cdfc3e952b34736d6e49a64"
"simulated_r043_m01","anolis-simulated",421,"anolis_simulated_1000.rds#421","8b41af29d0fc7e8a6e2bd3f87f94924d"
"simulated_r043_m02","anolis-simulated",422,"anolis_simulated_1000.rds#422","1a82f4bfb8d8a486c526dc3d68308a71"
"simulated_r043_m03","anolis-simulated",423,"anolis_simulated_1000.rds#423","c519cd1fb16957315056b05d79b07f88"
"simulated_r043_m04","anolis-simulated",424,"anolis_simulated_1000.rds#424","76dfd1b21db16607c81fd90941b9eff7"
"simulated_r043_m05","anolis-simulated",425,"anolis_simulated_1000.rds#425","f021d35b1877afc5aed01a2c4ce53925"
"simulated_r043_m06","anolis-simulated",426,"anolis_simulated_1000.rds#426","cddf3afdef5ed0311a091974baafc72c"
"simulated_r043_m07","anolis-simulated",427,"anolis_simulated_1000.rds#427","ee88d01247217715c76279493b4cbcdf"
"simulated_r043_m08","anolis-simulated",428,"anolis_simulated_1000.rds#428","0205d59fb4150867a48411d6a8306149"
"simulated_r043_m09","anolis-simulated",429,"anolis_simulated_1000.rds#429","130c6d26db9c168c1c2cce54e661799b"
"simulated_r043_m10","anolis-simulated",430,"anolis_simulated_1000.rds#430","e05f08e9b9b122443f828c267cf6f411"
"simulated_r044_m01","anolis-simulated",431,"anolis_simulated_1000.rds#431","e14ed96882b139f6b014acaeb08df795"
"simulated_r044_m02","anolis-simulated",432,"anolis_simulated_1000.rds#432","3a3d8e6c598d7333f007ea6be8af1251"
"simulated_r044_m03","anolis-simulated",433,"anolis_simulated_1000.rds#433","587fc6b8f6df07ce88714aaf098932ee"
"simulated_r044_m04","anolis-simulated",434,"anolis_simulated_1000.rds#434","bd746d06a8c61827c60bda3a3865d685"
"simulated_r044_m05","anolis-simulated",435,"anolis_simulated_1000.rds#435","6a494ea085d339ea50286c490cbff9d4"
"simulated_r044_m06","anolis-simulated",436,"anolis_simulated_1000.rds#436","3a9125c3f2964a4324b0860d36d89dd9"
"simulated_r044_m07","anolis-simulated",437,"anolis_simulated_1000.rds#437","edb02ce9b434508d5799723a8ef9ebd1"
"simulated_r044_m08","anolis-simulated",438,"anolis_simulated_1000.rds#438","f510b2934f8bd12be0959a1f587e93c8"
"simulated_r044_m09","anolis-simulated",439,"anolis_simulated_1000.rds#439","16f891580fe3d861cd41f92c722da637"
"simulated_r044_m10","anolis-simulated",440,"anolis_simulated_1000.rds#440","c9d5e401096c5aca6d2148762be1aa1b"
"simulated_r045_m01","anolis-simulated",441,"anolis_simulated_1000.rds#441","d0775d7bdd56ccb32bfff9f2c0a6cc91"
"simulated_r045_m02","anolis-simulated",442,"anolis_simulated_1000.rds#442","b9f707f030ce4d3181d5b3bd9b834280"
"simulated_r045_m03","anolis-simulated",443,"anolis_simulated_1000.rds#443","ea363635d4bbe82010a744841feee76b"
"simulated_r045_m04","anolis-simulated",444,"anolis_simulated_1000.rds#444","5c5c98745b2381e31def18f6f70ecd0a"
"simulated_r045_m05","anolis-simulated",445,"anolis_simulated_1000.rds#445","485b226bffb29cb6507cd2958b1297cf"
"simulated_r045_m06","anolis-simulated",446,"anolis_simulated_1000.rds#446","37721572579d981581f190010a424ca6"
"simulated_r045_m07","anolis-simulated",447,"anolis_simulated_1000.rds#447","31f50946379bb38d587cef44ea6c1d13"
"simulated_r045_m08","anolis-simulated",448,"anolis_simulated_1000.rds#448","fc29a51aff978f56275a463857462577"
"simulated_r045_m09","anolis-simulated",449,"anolis_simulated_1000.rds#449","f99981be512ecb268032ab52c627cc7f"
"simulated_r045_m10","anolis-simulated",450,"anolis_simulated_1000.rds#450","e9297c88a32f89d678c667b66f626fe3"
"simulated_r046_m01","anolis-simulated",451,"anolis_simulated_1000.rds#451","6d9552a9db2d07b37142e247f617bdc2"
"simulated_r046_m02","anolis-simulated",452,"anolis_simulated_1000.rds#452","f261df508b05b66dff765a502d94cd34"
"simulated_r046_m03","anolis-simulated",453,"anolis_simulated_1000.rds#453","a4a4cdf6606f0e375d7f80dcec7683b4"
"simulated_r046_m04","anolis-simulated",454,"anolis_simulated_1000.rds#454","cd356bf8a39829e2893e852ecc8ff46b"
"simulated_r046_m05","anolis-simulated",455,"anolis_simulated_1000.rds#455","f8ca14c49731b4a29f5a8c0dc50e6154"
"simulated_r046_m06","anolis-simulated",456,"anolis_simulated_1000.rds#456","6b85844b62a58bba344855c7f1838f92"
"simulated_r046_m07","anolis-simulated",457,"anolis_simulated_1000.rds#457","c76380809f93c2392929bba09087e9e9"
"simulated_r046_m08","anolis-simulated",458,"anolis_simulated_1000.rds#458","57a1f72775acb0783450a27399ef5e4d"
"simulated_r046_m09","anolis-simulated",459,"anolis_simulated_1000.rds#459","0463824f7bd61510b134211fd431e4ce"
"simulated_r046_m10","anolis-simulated",460,"anolis_simulated_1000.rds#460","754345f37d46d07746285a1eccb07791"
"simulated_r047_m01","anolis-simulated",461,"anolis_simulated_1000.rds#461","d07f25c8103688e8f39963068d3a41cf"
"simulated_r047_m02","anolis-simulated",462,"anolis_simulated_1000.rds#462","91cdc1bd10bb546dd6da2ed5cbbf3937"
"simulated_r047_m03","anolis-simulated",463,"anolis_simulated_1000.rds#463","138369b442642026cf50b80ea337d4d0"
"simulated_r047_m04","anolis-simulated",464,"anolis_simulated_1000.rds#464","5ae865a3821f666b131252698aafb7f3"
"simulated_r047_m05","anolis-simulated",465,"anolis_simulated_1000.rds#465","8c87e99bc2ea70c8a8a56ce04aa3e9de"
"simulated_r047_m06","anolis-simulated",466,"anolis_simulated_1000.rds#466","76a30d2d6f0129936e9b69c960cd13e2"
"simulated_r047_m07","anolis-simulated",467,"anolis_simulated_1000.rds#467","abd388c4ebf9aaeba395a0b9d29b6e2f"
"simulated_r047_m08","anolis-simulated",468,"anolis_simulated_1000.rds#468","73178ec919f6d92a8457b7b5d758a4e0"
"simulated_r047_m09","anolis-simulated",469,"anolis_simulated_1000.rds#469","ac8da2019ea81dea89fe0b5b00b4f005"
"simulated_r047_m10","anolis-simulated",470,"anolis_simulated_1000.rds#470","ae8349838dc18b889137387f4d599df7"
"simulated_r048_m01","anolis-simulated",471,"anolis_simulated_1000.rds#471","e2adb09320f544f3b56d97fe8ed8dc1d"
"simulated_r048_m02","anolis-simulated",472,"anolis_simulated_1000.rds#472","7ee178d507d48a0da2fc7377ce9d6ca8"
"simulated_r048_m03","anolis-simulated",473,"anolis_simulated_1000.rds#473","43c62160c83f043aa0b00e1c476c8ac3"
"simulated_r048_m04","anolis-simulated",474,"anolis_simulated_1000.rds#474","b62e22f5fff7e396f90ddc366608ff3b"
"simulated_r048_m05","anolis-simulated",475,"anolis_simulated_1000.rds#475","c962f210dbb1d8916c594dc1a305d2a2"
"simulated_r048_m06","anolis-simulated",476,"anolis_simulated_1000.rds#476","1f69507c6140e3ef796e34a9c68cb67c"
"simulated_r048_m07","anolis-simulated",477,"anolis_simulated_1000.rds#477","76480645559d5641d6920caa29a39649"
"simulated_r048_m08","anolis-simulated",478,"anolis_simulated_1000.rds#478","93bbfbf903f937ba32997c170dc09678"
"simulated_r048_m09","anolis-simulated",479,"anolis_simulated_1000.rds#479","119c38ec2ade7d2e4918b8b7ee1196b5"
"simulated_r048_m10","anolis-simulated",480,"anolis_simulated_1000.rds#480","7ee77c24d5d30ff242545d303abd42dd"
"simulated_r049_m01","anolis-simulated",481,"anolis_simulated_1000.rds#481","2008737d64ec858f2954fc16959e8e47"
"simulated_r049_m02","anolis-simulated",482,"anolis_simulated_1000.rds#482","77d1644df98021ff2c1b61af19d8f70a"
"simulated_r049_m03","anolis-simulated",483,"anolis_simulated_1000.rds#483","75e3303fbafe0852001bc729d8c32843"
"simulated_r049_m04","anolis-simulated",484,"anolis_simulated_1000.rds#484","960fd744ca6155c384df9cc0e8564e3c"
"simulated_r049_m05","anolis-simulated",485,"anolis_simulated_1000.rds#485","2bf72a389495ebdf4ebdb93196d0c7ca"
"simulated_r049_m06","anolis-simulated",486,"anolis_simulated_1000.rds#486","9830621e4968f780a984b99b9e35717f"
"simulated_r049_m07","anolis-simulated",487,"anolis_simulated_1000.rds#487","2ffd7f19b766e746eccd81ac93989bb6"
"simulated_r049_m08","anolis-simulated",488,"anolis_simulated_1000.rds#488","857b18a56f171b2d0407f5b59ea64f35"
"simulated_r049_m09","anolis-simulated",489,"anolis_simulated_1000.rds#489","a7433e24f18fb7bfc36d52907bb04be5"
"simulated_r049_m10","anolis-simulated",490,"anolis_simulated_1000.rds#490","0ddceee646aec180727d80d00e253593"
"simulated_r050_m01","anolis-simulated",491,"anolis_simulated_1000.rds#491","d7f35b421246a828da65ff13eb733e73"
"simulated_r050_m02","anolis-simulated",492,"anolis_simulated_1000.rds#492","dd0cb504bcc8698d01743997b1f6bb82"
"simulated_r050_m03","anolis-simulated",493,"anolis_simulated_1000.rds#493","1b1d8e99861495c26d25f7aae5291827"
"simulated_r050_m04","anolis-simulated",494,"anolis_simulated_1000.rds#494","bf2b47334b63bfd67151792c04b1f539"
"simulated_r050_m05","anolis-simulated",495,"anolis_simulated_1000.rds#495","f26fa63d480307a2ca00d9556d8b0507"
"simulated_r050_m06","anolis-simulated",496,"anolis_simulated_1000.rds#496","3ae6af04c94d143afca74fdcdaf04cdf"
"simulated_r050_m07","anolis-simulated",497,"anolis_simulated_1000.rds#497","1edfbe4059ebc0f80cba78272eb8305c"
"simulated_r050_m08","anolis-simulated",498,"anolis_simulated_1000.rds#498","7a674b30540cf92679df02fa0e24170b"
"simulated_r050_m09","anolis-simulated",499,"anolis_simulated_1000.rds#499","5435784ea3af1ff71131f3c63cfefc51"
"simulated_r050_m10","anolis-simulated",500,"anolis_simulated_1000.rds#500","e8905f15dfd11f129bd948dc093c2d96"
"simulated_r051_m01","anolis-simulated",501,"anolis_simulated_1000.rds#501","3a92cd75364a35156106d433fb7c3792"
"simulated_r051_m02","anolis-simulated",502,"anolis_simulated_1000.rds#502","ed8865ae056827b663cd2e6f43cf6072"
"simulated_r051_m03","anolis-simulated",503,"anolis_simulated_1000.rds#503","301a2a7c114f0b4ee09622a6f350acb1"
"simulated_r051_m04","anolis-simulated",504,"anolis_simulated_1000.rds#504","75126d9fa5b2a57608ec477af52c2001"
"simulated_r051_m05","anolis-simulated",505,"anolis_simulated_1000.rds#505","c6b04091be98758200315b10ee341f26"
"simulated_r051_m06","anolis-simulated",506,"anolis_simulated_1000.rds#506","94e533a93cc85910cdee7489b1aa8e27"
"simulated_r051_m07","anolis-simulated",507,"anolis_simulated_1000.rds#507","2a26e93264642ba9013e98ec842261d5"
"simulated_r051_m08","anolis-simulated",508,"anolis_simulated_1000.rds#508","5551e595d4909efa59a8c5399596653a"
"simulated_r051_m09","anolis-simulated",509,"anolis_simulated_1000.rds#509","a5a4fb906b482a04ca139c406dc54184"
"simulated_r051_m10","anolis-simulated",510,"anolis_simulated_1000.rds#510","8ba84250d7e135cfa144b346c1701893"
"simulated_r052_m01","anolis-simulated",511,"anolis_simulated_1000.rds#511","b2d7e554062c7c27481f4ec4038c355d"
"simulated_r052_m02","anolis-simulated",512,"anolis_simulated_1000.rds#512","7a88e65d360c688da4feb34e50c5c0ff"
"simulated_r052_m03","anolis-simulated",513,"anolis_simulated_1000.rds#513","ac4f7ee5067dfdc9bcfa7633d86c35ac"
"simulated_r052_m04","anolis-simulated",514,"anolis_simulated_1000.rds#514","1bd8c603c3a235938a05c729c37d9931"
"simulated_r052_m05","anolis-simulated",515,"anolis_simulated_1000.rds#515","c946bfa2727badcad34e7c8f6ca99dd1"
"simulated_r052_m06","anolis-simulated",516,"anolis_simulated_1000.rds#516","d8cf0958a0746444f7f0c65b27dd8b6e"
"simulated_r052_m07","anolis-simulated",517,"anolis_simulated_1000.rds#517","b257d865ff0be5e3eaf6f6af9faaae95"
"simulated_r052_m08","anolis-simulated",518,"anolis_simulated_1000.rds#518","08ed982f3a9f6b462855c158ae20a828"
"simulated_r052_m09","anolis-simulated",519,"anolis_simulated_1000.rds#519","4a16b768d9dffee1f61e8b45d72e82dd"
"simulated_r052_m10","anolis-simulated",520,"anolis_simulated_1000.rds#520","684c7d29394160e833923441a8847d43"
"simulated_r053_m01","anolis-simulated",521,"anolis_simulated_1000.rds#521","05cf945c653f2783b3afed3d1a9c9a5c"
"simulated_r053_m02","anolis-simulated",522,"anolis_simulated_1000.rds#522","8e1af8fc15b413c5a5f4e743ee357f17"
"simulated_r053_m03","anolis-simulated",523,"anolis_simulated_1000.rds#523","6735d151da6008d7465fd2b969a4004e"
"simulated_r053_m04","anolis-simulated",524,"anolis_simulated_1000.rds#524","d3730b29568a986582649940bec603c6"
"simulated_r053_m05","anolis-simulated",525,"anolis_simulated_1000.rds#525","07a23ca8a0e2fc640a9001e7cb5bd4fe"
"simulated_r053_m06","anolis-simulated",526,"anolis_simulated_1000.rds#526","858fb7b66c0ec9c9d2f8a545ae82fd9b"
"simulated_r053_m07","anolis-simulated",527,"anolis_simulated_1000.rds#527","5ecec487d916f7efa32e6ba3a201417c"
"simulated_r053_m08","anolis-simulated",528,"anolis_simulated_1000.rds#528","cc8a26a2649fe6dd2ce46a98037fdd9e"
"simulated_r053_m09","anolis-simulated",529,"anolis_simulated_1000.rds#529","5ae0ec2d5d3df08420f33de342389ee2"
"simulated_r053_m10","anolis-simulated",530,"anolis_simulated_1000.rds#530","88657aec991c4d2c2d97888d9961ec14"
"simulated_r054_m01","anolis-simulated",531,"anolis_simulated_1000.rds#531","a9475fe160bc6f95a94c9c5f065a5058"
"simulated_r054_m02","anolis-simulated",532,"anolis_simulated_1000.rds#532","7f975843dc52dc89ab6630d309fd38b8"
"simulated_r054_m03","anolis-simulated",533,"anolis_simulated_1000.rds#533","caaa12571d21c08ea64839afdeece793"
"simulated_r054_m04","anolis-simulated",534,"anolis_simulated_1000.rds#534","266261114b9ca02509393e6788501689"
"simulated_r054_m05","anolis-simulated",535,"anolis_simulated_1000.rds#535","9e2ffe7f9c8d2260fdc1df58ed77a95f"
"simulated_r054_m06","anolis-simulated",536,"anolis_simulated_1000.rds#536","8e012393477b5417b6429163d84286c4"
"simulated_r054_m07","anolis-simulated",537,"anolis_simulated_1000.rds#537","a4b3ff602f7865d22f0467206d65818f"
"simulated_r054_m08","anolis-simulated",538,"anolis_simulated_1000.rds#538","60753757ed03740f2a792633765117eb"
"simulated_r054_m09","anolis-simulated",539,"anolis_simulated_1000.rds#539","52c19be4c99348d03b54b135b1c6ccca"
"simulated_r054_m10","anolis-simulated",540,"anolis_simulated_1000.rds#540","773ccfe1f2b7ec3383bf7c6460515d4c"
"simulated_r055_m01","anolis-simulated",541,"anolis_simulated_1000.rds#541","f02062ddcc4271e7aa1fbc55746230e0"
"simulated_r055_m02","anolis-simulated",542,"anolis_simulated_1000.rds#542","ec9fefeb61c71756d987492c4eea60cb"
"simulated_r055_m03","anolis-simulated",543,"anolis_simulated_1000.rds#543","ca1978b06921552eed917f69bd7c1df6"
"simulated_r055_m04","anolis-simulated",544,"anolis_simulated_1000.rds#544","84b2696145f6a7592e1a6e07e580324b"
"simulated_r055_m05","anolis-simulated",545,"anolis_simulated_1000.rds#545","1fcd0f70ae3ce854bf924293375f3e6f"
"simulated_r055_m06","anolis-simulated",546,"anolis_simulated_1000.rds#546","02aa61bc8b6049fd548d53a45b727d4a"
"simulated_r055_m07","anolis-simulated",547,"anolis_simulated_1000.rds#547","e9fbbdf3cf7961bd9abb3b469c987456"
"simulated_r055_m08","anolis-simulated",548,"anolis_simulated_1000.rds#548","ac05cdb47bb1696ac4b1468373f14d51"
"simulated_r055_m09","anolis-simulated",549,"anolis_simulated_1000.rds#549","16dacef0ffa92bf0b5340d4fb34745e6"
"simulated_r055_m10","anolis-simulated",550,"anolis_simulated_1000.rds#550","eeacc0edda98b4f081d374d898995447"
"simulated_r056_m01","anolis-simulated",551,"anolis_simulated_1000.rds#551","680dfdffb9b4863e92fd9bd2651ac8b7"
"simulated_r056_m02","anolis-simulated",552,"anolis_simulated_1000.rds#552","f4e9aa71159806b0f003a249a6c9c781"
"simulated_r056_m03","anolis-simulated",553,"anolis_simulated_1000.rds#553","0fe35ea5c027fe7beff759d1a5c9e5b9"
"simulated_r056_m04","anolis-simulated",554,"anolis_simulated_1000.rds#554","18cbfccb3f73d6f8060317f781c6a1ef"
"simulated_r056_m05","anolis-simulated",555,"anolis_simulated_1000.rds#555","b24c277b3f102a72604903ccd24884fa"
"simulated_r056_m06","anolis-simulated",556,"anolis_simulated_1000.rds#556","dc7195f35777d104833a82699d3f7d19"
"simulated_r056_m07","anolis-simulated",557,"anolis_simulated_1000.rds#557","0f98ecf731623233e928d0bed460f794"
"simulated_r056_m08","anolis-simulated",558,"anolis_simulated_1000.rds#558","9b2be88075614ceba750c6d00ead7971"
"simulated_r056_m09","anolis-simulated",559,"anolis_simulated_1000.rds#559","2b9e4db04a46e1b93131818fb0fd57aa"
"simulated_r056_m10","anolis-simulated",560,"anolis_simulated_1000.rds#560","7f6e43d313f1516bc0be51ef884337be"
"simulated_r057_m01","anolis-simulated",561,"anolis_simulated_1000.rds#561","6f2d39471c7acab16a1455aa0787754e"
"simulated_r057_m02","anolis-simulated",562,"anolis_simulated_1000.rds#562","d42482eca6708ab9371e81515cf7abee"
"simulated_r057_m03","anolis-simulated",563,"anolis_simulated_1000.rds#563","042d0f2b052417671bb4342cba490789"
"simulated_r057_m04","anolis-simulated",564,"anolis_simulated_1000.rds#564","e7cd578d4be1e5cf956b87d66767a5a3"
"simulated_r057_m05","anolis-simulated",565,"anolis_simulated_1000.rds#565","6d9f7242109c8edbbbbacc0f74b6f76c"
"simulated_r057_m06","anolis-simulated",566,"anolis_simulated_1000.rds#566","8721bdcf0a7bb2ff365efe260f91804b"
"simulated_r057_m07","anolis-simulated",567,"anolis_simulated_1000.rds#567","18a8d8863d5ef27c79f24f747535502b"
"simulated_r057_m08","anolis-simulated",568,"anolis_simulated_1000.rds#568","1ed44a54c7718789c6e2b1fccd88538e"
"simulated_r057_m09","anolis-simulated",569,"anolis_simulated_1000.rds#569","229b725c853dce3b0284c6171826a8f3"
"simulated_r057_m10","anolis-simulated",570,"anolis_simulated_1000.rds#570","67e4621da6f568aa1dd143e97e02be0a"
"simulated_r058_m01","anolis-simulated",571,"anolis_simulated_1000.rds#571","b3e5b19ee32740bdaf3a050485c36baa"
"simulated_r058_m02","anolis-simulated",572,"anolis_simulated_1000.rds#572","583d8d3b40a4e0898433ff3f7e45be80"
"simulated_r058_m03","anolis-simulated",573,"anolis_simulated_1000.rds#573","9c312073d51cbbcefd7afcd0aca789c8"
"simulated_r058_m04","anolis-simulated",574,"anolis_simulated_1000.rds#574","f7c1cf46181f29e9c4ef9ee1ad56700b"
"simulated_r058_m05","anolis-simulated",575,"anolis_simulated_1000.rds#575","7a03e299de7197e08c6d9b1b114f9669"
"simulated_r058_m06","anolis-simulated",576,"anolis_simulated_1000.rds#576","b2e73c7d588fdf4e28727dcd68907532"
"simulated_r058_m07","anolis-simulated",577,"anolis_simulated_1000.rds#577","f0d1d989cdea255e5a1062b02e61a933"
"simulated_r058_m08","anolis-simulated",578,"anolis_simulated_1000.rds#578","2e71fb4d1e7738fed4e1b6289385b713"
"simulated_r058_m09","anolis-simulated",579,"anolis_simulated_1000.rds#579","4ff1891e908a0f62548d3b239b1f9dd7"
"simulated_r058_m10","anolis-simulated",580,"anolis_simulated_1000.rds#580","0c48c5123279b7dfe218ad51bd8e7604"
"simulated_r059_m01","anolis-simulated",581,"anolis_simulated_1000.rds#581","c36208b1405372b23e07601dfa1f2169"
"simulated_r059_m02","anolis-simulated",582,"anolis_simulated_1000.rds#582","9c412f04539adc93a094c03ffa5c4ae5"
"simulated_r059_m03","anolis-simulated",583,"anolis_simulated_1000.rds#583","2112005e0d86d664f7cce545c891fa59"
"simulated_r059_m04","anolis-simulated",584,"anolis_simulated_1000.rds#584","3bb8c29a485b9bb5cd8d04cb14206539"
"simulated_r059_m05","anolis-simulated",585,"anolis_simulated_1000.rds#585","582a27e22de44bd629b79e39751580ad"
"simulated_r059_m06","anolis-simulated",586,"anolis_simulated_1000.rds#586","483d51e77bea099231f60e491a1f7d87"
"simulated_r059_m07","anolis-simulated",587,"anolis_simulated_1000.rds#587","667a0609f1092b718524016a53f977c0"
"simulated_r059_m08","anolis-simulated",588,"anolis_simulated_1000.rds#588","1b4432afff6702587ed636df97c3a6a3"
"simulated_r059_m09","anolis-simulated",589,"anolis_simulated_1000.rds#589","dc103deb5d53e7f203a933e66d920f4b"
"simulated_r059_m10","anolis-simulated",590,"anolis_simulated_1000.rds#590","1d14cdf96b7b28650f42f7d7f436ad51"
"simulated_r060_m01","anolis-simulated",591,"anolis_simulated_1000.rds#591","35b2a6678e3ec28b90b56a1d9283ca91"
"simulated_r060_m02","anolis-simulated",592,"anolis_simulated_1000.rds#592","7aef980b3c1cb1a1b08bcf3b1d717836"
"simulated_r060_m03","anolis-simulated",593,"anolis_simulated_1000.rds#593","6f1736a0809d4178cefaa2b46a2ae74a"
"simulated_r060_m04","anolis-simulated",594,"anolis_simulated_1000.rds#594","ab73f763b6d5e011ba318fc005077582"
"simulated_r060_m05","anolis-simulated",595,"anolis_simulated_1000.rds#595","1fc0d26b822de25f3f71e0040c9db54c"
"simulated_r060_m06","anolis-simulated",596,"anolis_simulated_1000.rds#596","f9b99f18db51f236b574c4a157a9283a"
"simulated_r060_m07","anolis-simulated",597,"anolis_simulated_1000.rds#597","c8fd3ac299505d3c86b53242a34eac34"
"simulated_r060_m08","anolis-simulated",598,"anolis_simulated_1000.rds#598","02759cad4b2197aa19e118ce7e1a9b58"
"simulated_r060_m09","anolis-simulated",599,"anolis_simulated_1000.rds#599","20a3f1b9cc39b0542ad25a4a961e2440"
"simulated_r060_m10","anolis-simulated",600,"anolis_simulated_1000.rds#600","41b3550b7ba5e95157b1d5a550832a55"
"simulated_r061_m01","anolis-simulated",601,"anolis_simulated_1000.rds#601","bc0eb561b476b5ba0638508f069ecd60"
"simulated_r061_m02","anolis-simulated",602,"anolis_simulated_1000.rds#602","0bc4305f6dfb544632fa957c7284928b"
"simulated_r061_m03","anolis-simulated",603,"anolis_simulated_1000.rds#603","1412db8591122e13be48fece5afdd453"
"simulated_r061_m04","anolis-simulated",604,"anolis_simulated_1000.rds#604","b725b5bad82ab047bb2e0e66472dfe78"
"simulated_r061_m05","anolis-simulated",605,"anolis_simulated_1000.rds#605","924c376ac97cd2fd948b0ee8721839ac"
"simulated_r061_m06","anolis-simulated",606,"anolis_simulated_1000.rds#606","347a42057b50346bfc1d73551c3704f4"
"simulated_r061_m07","anolis-simulated",607,"anolis_simulated_1000.rds#607","2ae67ed797868ea9c43a212d6dd68a65"
"simulated_r061_m08","anolis-simulated",608,"anolis_simulated_1000.rds#608","58bdae5c0baae499a8ee921d3a388e33"
"simulated_r061_m09","anolis-simulated",609,"anolis_simulated_1000.rds#609","0ddb869d9aa91fe496cb69dbdf1d81b0"
"simulated_r061_m10","anolis-simulated",610,"anolis_simulated_1000.rds#610","8bcbf2ba267a0e1fb476886375a2f278"
"simulated_r062_m01","anolis-simulated",611,"anolis_simulated_1000.rds#611","f9ee0148c910716341a641e300e74876"
"simulated_r062_m02","anolis-simulated",612,"anolis_simulated_1000.rds#612","caea5e39d73910c347563364fe5d0f91"
"simulated_r062_m03","anolis-simulated",613,"anolis_simulated_1000.rds#613","652bc055b53a2d9f23fb216cbf161cee"
"simulated_r062_m04","anolis-simulated",614,"anolis_simulated_1000.rds#614","45ed6883daa2c402fe9f8a6f4469413d"
"simulated_r062_m05","anolis-simulated",615,"anolis_simulated_1000.rds#615","75dc0b9349b991b095abcc5a9d1f620e"
"simulated_r062_m06","anolis-simulated",616,"anolis_simulated_1000.rds#616","e56c9c4bdf638ca33a84265a27b00ae4"
"simulated_r062_m07","anolis-simulated",617,"anolis_simulated_1000.rds#617","70ca60a0ff45bd352297f73bdba1870a"
"simulated_r062_m08","anolis-simulated",618,"anolis_simulated_1000.rds#618","e11f4314d322ce7b3bb6f4255db426a9"
"simulated_r062_m09","anolis-simulated",619,"anolis_simulated_1000.rds#619","03938d4c3aae262c5bdca48bb1f55621"
"simulated_r062_m10","anolis-simulated",620,"anolis_simulated_1000.rds#620","172f07146b1f30eaa0f53935fbad5e0d"
"simulated_r063_m01","anolis-simulated",621,"anolis_simulated_1000.rds#621","a9a055306ebeeac19053e1f92c5a9eda"
"simulated_r063_m02","anolis-simulated",622,"anolis_simulated_1000.rds#622","4900f86eb0b0658f9271efbe469fe69b"
"simulated_r063_m03","anolis-simulated",623,"anolis_simulated_1000.rds#623","4670e5b0aa28bf1d215c2ed4a3eefbba"
"simulated_r063_m04","anolis-simulated",624,"anolis_simulated_1000.rds#624","94811f0701a55590c864928d953e8ce5"
"simulated_r063_m05","anolis-simulated",625,"anolis_simulated_1000.rds#625","780ff415d327db3685b390e44f7aa621"
"simulated_r063_m06","anolis-simulated",626,"anolis_simulated_1000.rds#626","baefc458c51dd68b4b987770bb2c01d8"
"simulated_r063_m07","anolis-simulated",627,"anolis_simulated_1000.rds#627","7fadb39ec1b83c559be0af66e79b4d1d"
"simulated_r063_m08","anolis-simulated",628,"anolis_simulated_1000.rds#628","82905e4d0860ac3990efddcf1c7168fa"
"simulated_r063_m09","anolis-simulated",629,"anolis_simulated_1000.rds#629","9704765885582111860909ea0437756f"
"simulated_r063_m10","anolis-simulated",630,"anolis_simulated_1000.rds#630","21a9929ad5c0600eb6696703a459776d"
"simulated_r064_m01","anolis-simulated",631,"anolis_simulated_1000.rds#631","6d4dc5b650dc786452848ec080ea81cd"
"simulated_r064_m02","anolis-simulated",632,"anolis_simulated_1000.rds#632","ba302adb49c295dfd248ad156f94b1f4"
"simulated_r064_m03","anolis-simulated",633,"anolis_simulated_1000.rds#633","7120200b44576527263215f5e1d1996c"
"simulated_r064_m04","anolis-simulated",634,"anolis_simulated_1000.rds#634","fdaaf83c18f7d74636aa84a96bd2bb19"
"simulated_r064_m05","anolis-simulated",635,"anolis_simulated_1000.rds#635","23e28edd241b0a957a8036c8e7288a2e"
"simulated_r064_m06","anolis-simulated",636,"anolis_simulated_1000.rds#636","3862a336cc0ccbe30be43dad3f00a3fc"
"simulated_r064_m07","anolis-simulated",637,"anolis_simulated_1000.rds#637","98ef20ccf28b854c34a842cc3e51146e"
"simulated_r064_m08","anolis-simulated",638,"anolis_simulated_1000.rds#638","0074ac4d5ebec3eb53944899834608ad"
"simulated_r064_m09","anolis-simulated",639,"anolis_simulated_1000.rds#639","7bbe5691aa9b476085b9e52193cd1838"
"simulated_r064_m10","anolis-simulated",640,"anolis_simulated_1000.rds#640","d124b62510a7e3aab3b7b271baa6ebe1"
"simulated_r065_m01","anolis-simulated",641,"anolis_simulated_1000.rds#641","f27a2e2a3f02db31fe6ce8c455441eb5"
"simulated_r065_m02","anolis-simulated",642,"anolis_simulated_1000.rds#642","8d589a25197627618a49625fc42b1a37"
"simulated_r065_m03","anolis-simulated",643,"anolis_simulated_1000.rds#643","e5cfc9d17daa40cec269c7956e104e4e"
"simulated_r065_m04","anolis-simulated",644,"anolis_simulated_1000.rds#644","1aca60a25f528085a0ad053208b120d4"
"simulated_r065_m05","anolis-simulated",645,"anolis_simulated_1000.rds#645","304a8acf7402e1dc9f47cdc5a3cfdb86"
"simulated_r065_m06","anolis-simulated",646,"anolis_simulated_1000.rds#646","243d0ca3f8b004cc6c3e20f3f68b014b"
"simulated_r065_m07","anolis-simulated",647,"anolis_simulated_1000.rds#647","b0214c830e4bf88f1222930a7921bdd5"
"simulated_r065_m08","anolis-simulated",648,"anolis_simulated_1000.rds#648","15066e5070cfd97913d1d4fa5046cb11"
"simulated_r065_m09","anolis-simulated",649,"anolis_simulated_1000.rds#649","c81ed1e809ae7229a5423db06c2f9311"
"simulated_r065_m10","anolis-simulated",650,"anolis_simulated_1000.rds#650","00bd5b8f7d645aec24fa295015fa47c1"
"simulated_r066_m01","anolis-simulated",651,"anolis_simulated_1000.rds#651","aefe2e2ebcfd9a88c84cea58d114fcc9"
"simulated_r066_m02","anolis-simulated",652,"anolis_simulated_1000.rds#652","11dad6c277bfde9fdad91295b3108536"
"simulated_r066_m03","anolis-simulated",653,"anolis_simulated_1000.rds#653","93c37a00d997e42714ebbe6882b46dbf"
"simulated_r066_m04","anolis-simulated",654,"anolis_simulated_1000.rds#654","7a56f89db11aff740fd7aa7693109223"
"simulated_r066_m05","anolis-simulated",655,"anolis_simulated_1000.rds#655","c419aa327cbcd01c6d8bdb5e1d0e1fab"
"simulated_r066_m06","anolis-simulated",656,"anolis_simulated_1000.rds#656","16ac39ef62641b0f63ecac77531969de"
"simulated_r066_m07","anolis-simulated",657,"anolis_simulated_1000.rds#657","4ed68e1d0a2167cadd783682ecfc03c9"
"simulated_r066_m08","anolis-simulated",658,"anolis_simulated_1000.rds#658","0e3d86f41e0bbf5c213b3362166c3b03"
"simulated_r066_m09","anolis-simulated",659,"anolis_simulated_1000.rds#659","41ae9ba25835aef8655ed1c22f613104"
"simulated_r066_m10","anolis-simulated",660,"anolis_simulated_1000.rds#660","65de3f9da4967c866ef6daa052ffdac0"
"simulated_r067_m01","anolis-simulated",661,"anolis_simulated_1000.rds#661","7b1e9041a48117184da2e043113da351"
"simulated_r067_m02","anolis-simulated",662,"anolis_simulated_1000.rds#662","56fcd9f719ef3d2740c72d9ac990aaaf"
"simulated_r067_m03","anolis-simulated",663,"anolis_simulated_1000.rds#663","19978faf84444fb7ff5ca83f7c29eaf3"
"simulated_r067_m04","anolis-simulated",664,"anolis_simulated_1000.rds#664","a978902cbe6a28bcecd3bed15f7c64ea"
"simulated_r067_m05","anolis-simulated",665,"anolis_simulated_1000.rds#665","ba8e3083e1371d47fab785589eb33a94"
"simulated_r067_m06","anolis-simulated",666,"anolis_simulated_1000.rds#666","2e920297ae71ef79f616f77eceefbdf7"
"simulated_r067_m07","anolis-simulated",667,"anolis_simulated_1000.rds#667","762ba149e4cef532c56893e778087585"
"simulated_r067_m08","anolis-simulated",668,"anolis_simulated_1000.rds#668","f0520dae50463bad386fcef098271a7a"
"simulated_r067_m09","anolis-simulated",669,"anolis_simulated_1000.rds#669","08ec524ddf0c879ed8e16600b5ff0108"
"simulated_r067_m10","anolis-simulated",670,"anolis_simulated_1000.rds#670","7a50f260c927b545884e3d2658220e32"
"simulated_r068_m01","anolis-simulated",671,"anolis_simulated_1000.rds#671","209a4d72bb8963c890f7419c693da5b4"
"simulated_r068_m02","anolis-simulated",672,"anolis_simulated_1000.rds#672","4d7b33cef36e095f4c9c68d31c2b8f6e"
"simulated_r068_m03","anolis-simulated",673,"anolis_simulated_1000.rds#673","a376dfc0003963cc6af6e400a614b8ba"
"simulated_r068_m04","anolis-simulated",674,"anolis_simulated_1000.rds#674","53592e8795f9850c4fd43cf767417cd9"
"simulated_r068_m05","anolis-simulated",675,"anolis_simulated_1000.rds#675","f1967460ddb25457eb2b3d666d72e923"
"simulated_r068_m06","anolis-simulated",676,"anolis_simulated_1000.rds#676","4cf7ee0e2e8c83007447b2aaaca17408"
"simulated_r068_m07","anolis-simulated",677,"anolis_simulated_1000.rds#677","35fe43aba6ed39cb599702dcb86ba971"
"simulated_r068_m08","anolis-simulated",678,"anolis_simulated_1000.rds#678","890f4ef1431b13908d5681dd6b686476"
"simulated_r068_m09","anolis-simulated",679,"anolis_simulated_1000.rds#679","dc1a66a80e6bd9761e6bd7697f5f9cb6"
"simulated_r068_m10","anolis-simulated",680,"anolis_simulated_1000.rds#680","52aed46f6bd8707226739fda683a6c8e"
"simulated_r069_m01","anolis-simulated",681,"anolis_simulated_1000.rds#681","b461fe6f2ba90320718d4fb123a6efe8"
"simulated_r069_m02","anolis-simulated",682,"anolis_simulated_1000.rds#682","3b90d491d992ba82901bb3c1eebbd854"
"simulated_r069_m03","anolis-simulated",683,"anolis_simulated_1000.rds#683","b456d37fa5ab558c15760e07af5d0fc2"
"simulated_r069_m04","anolis-simulated",684,"anolis_simulated_1000.rds#684","41ed97819fe6acde6d83eeaf95f1cac6"
"simulated_r069_m05","anolis-simulated",685,"anolis_simulated_1000.rds#685","c73c6774702f4fe140182ad955286ff1"
"simulated_r069_m06","anolis-simulated",686,"anolis_simulated_1000.rds#686","f59a53bf1d4e4514f49f5f78f2b486e7"
"simulated_r069_m07","anolis-simulated",687,"anolis_simulated_1000.rds#687","f035f60911e5e57fdb05b4476c5739f7"
"simulated_r069_m08","anolis-simulated",688,"anolis_simulated_1000.rds#688","da4fc576bf5a716e8a9135564d091243"
"simulated_r069_m09","anolis-simulated",689,"anolis_simulated_1000.rds#689","d2ec5dd6825ac1713df7f183b5875c4c"
"simulated_r069_m10","anolis-simulated",690,"anolis_simulated_1000.rds#690","9eb76a1e4b9d0c4c9725128dd893b111"
"simulated_r070_m01","anolis-simulated",691,"anolis_simulated_1000.rds#691","0f38ad8a8a59bc8c09a4b7294c8d481c"
"simulated_r070_m02","anolis-simulated",692,"anolis_simulated_1000.rds#692","04dd11e256fbf0df535e9cdd86ba7431"
"simulated_r070_m03","anolis-simulated",693,"anolis_simulated_1000.rds#693","fcff8d572d96fe0681be257c209ea7b9"
"simulated_r070_m04","anolis-simulated",694,"anolis_simulated_1000.rds#694","2d4dc78f8523e7b42ae86a3111cba597"
"simulated_r070_m05","anolis-simulated",695,"anolis_simulated_1000.rds#695","97ec0921c18d3fdf1c8aec0a3f3eedf6"
"simulated_r070_m06","anolis-simulated",696,"anolis_simulated_1000.rds#696","4a1ee685f5846c3a8422abfe06673c76"
"simulated_r070_m07","anolis-simulated",697,"anolis_simulated_1000.rds#697","9af85621479441bc1211c1240ce29891"
"simulated_r070_m08","anolis-simulated",698,"anolis_simulated_1000.rds#698","f47b4c2d9d20ed6f007e446216ff6299"
"simulated_r070_m09","anolis-simulated",699,"anolis_simulated_1000.rds#699","3fab34b23612e1b9d02a0c82a2a9a9c4"
"simulated_r070_m10","anolis-simulated",700,"anolis_simulated_1000.rds#700","b070ffdf112a3012c63eca5aa22de769"
"simulated_r071_m01","anolis-simulated",701,"anolis_simulated_1000.rds#701","51ad4dc0810c4162d27b9c20892da416"
"simulated_r071_m02","anolis-simulated",702,"anolis_simulated_1000.rds#702","90a65c547d7883d4e7691bbf9dbf7106"
"simulated_r071_m03","anolis-simulated",703,"anolis_simulated_1000.rds#703","a037248320f752a4724bb045ac1af309"
"simulated_r071_m04","anolis-simulated",704,"anolis_simulated_1000.rds#704","b7df07f59753bbbcc4e0452e24b7ff9b"
"simulated_r071_m05","anolis-simulated",705,"anolis_simulated_1000.rds#705","19c5c14bfe5446f5c35c9553b5891491"
"simulated_r071_m06","anolis-simulated",706,"anolis_simulated_1000.rds#706","95c0859132c6faca3efaf89e9fd46588"
"simulated_r071_m07","anolis-simulated",707,"anolis_simulated_1000.rds#707","c8090463e21a2ac52c18b93fed9eb4ee"
"simulated_r071_m08","anolis-simulated",708,"anolis_simulated_1000.rds#708","0b64384646d0d76964f287f955cdab10"
"simulated_r071_m09","anolis-simulated",709,"anolis_simulated_1000.rds#709","65a54eb2a7331dba30ca523e866933b6"
"simulated_r071_m10","anolis-simulated",710,"anolis_simulated_1000.rds#710","c35c87d3608991b616f01a49dfbae8d6"
"simulated_r072_m01","anolis-simulated",711,"anolis_simulated_1000.rds#711","0d0c22925c92e716dd8458ad45700e24"
"simulated_r072_m02","anolis-simulated",712,"anolis_simulated_1000.rds#712","7b7e7e1a73f730f9169cc5d66b8982fb"
"simulated_r072_m03","anolis-simulated",713,"anolis_simulated_1000.rds#713","7de7c411885876a12058856ae67f3b4b"
"simulated_r072_m04","anolis-simulated",714,"anolis_simulated_1000.rds#714","f87ad012250b1f4a3db5000e0c7cfae3"
"simulated_r072_m05","anolis-simulated",715,"anolis_simulated_1000.rds#715","94791cba631036c12a91f640f49fa458"
"simulated_r072_m06","anolis-simulated",716,"anolis_simulated_1000.rds#716","04363100d970193c0da164530d21f1e6"
"simulated_r072_m07","anolis-simulated",717,"anolis_simulated_1000.rds#717","5e2833af01b9ba768fa35f03378a608c"
"simulated_r072_m08","anolis-simulated",718,"anolis_simulated_1000.rds#718","353e733bf3973ccec89b5caf81ee1858"
"simulated_r072_m09","anolis-simulated",719,"anolis_simulated_1000.rds#719","8c3d0127a4887e09b87709d86b1c1dfd"
"simulated_r072_m10","anolis-simulated",720,"anolis_simulated_1000.rds#720","49bcfb53a07b156e46c783b22013a1af"
"simulated_r073_m01","anolis-simulated",721,"anolis_simulated_1000.rds#721","c53ee17b7c884a2da2cc02280793cbdc"
"simulated_r073_m02","anolis-simulated",722,"anolis_simulated_1000.rds#722","abf97b128d76fa6e73dc42e58b0e5aa7"
"simulated_r073_m03","anolis-simulated",723,"anolis_simulated_1000.rds#723","7e20927dff36433b31240843a4507259"
"simulated_r073_m04","anolis-simulated",724,"anolis_simulated_1000.rds#724","b59c3c0ee5b2f90002d14e9604035e13"
"simulated_r073_m05","anolis-simulated",725,"anolis_simulated_1000.rds#725","c8ded876fdf7251d4dd253f0e716a6fa"
"simulated_r073_m06","anolis-simulated",726,"anolis_simulated_1000.rds#726","bcaf454505f7f0188a009553a19691df"
"simulated_r073_m07","anolis-simulated",727,"anolis_simulated_1000.rds#727","76a073c87fed3d8238ce2ea8826ca85a"
"simulated_r073_m08","anolis-simulated",728,"anolis_simulated_1000.rds#728","75cb2b50a0e4f81ec827b01f8061383f"
"simulated_r073_m09","anolis-simulated",729,"anolis_simulated_1000.rds#729","03b370367e9e39d6a942f690d5c86f65"
"simulated_r073_m10","anolis-simulated",730,"anolis_simulated_1000.rds#730","b9f7a1fee78df5b8363976847891f787"
"simulated_r074_m01","anolis-simulated",731,"anolis_simulated_1000.rds#731","a2acb943fddda84bd79d7ff03b200065"
"simulated_r074_m02","anolis-simulated",732,"anolis_simulated_1000.rds#732","9275f670d26f7551abd0a79f7ca7dbcf"
"simulated_r074_m03","anolis-simulated",733,"anolis_simulated_1000.rds#733","48006203101b414178d6f65aa67bd9d6"
"simulated_r074_m04","anolis-simulated",734,"anolis_simulated_1000.rds#734","5dcf03e99307b5db254ee5b983121914"
"simulated_r074_m05","anolis-simulated",735,"anolis_simulated_1000.rds#735","088322698e62571b55961b8e9eed7d2e"
"simulated_r074_m06","anolis-simulated",736,"anolis_simulated_1000.rds#736","6e6f9e33d0f0d193d028604c917ef30a"
"simulated_r074_m07","anolis-simulated",737,"anolis_simulated_1000.rds#737","e0c908253d1256e2cad3fc4979f4f2f0"
"simulated_r074_m08","anolis-simulated",738,"anolis_simulated_1000.rds#738","600950555360fdbc3026e34fe5f65fbf"
"simulated_r074_m09","anolis-simulated",739,"anolis_simulated_1000.rds#739","c1cff5bcb35a31ed0b66501aa61c528f"
"simulated_r074_m10","anolis-simulated",740,"anolis_simulated_1000.rds#740","1279b7683f6198d035a1aa04739acc67"
"simulated_r075_m01","anolis-simulated",741,"anolis_simulated_1000.rds#741","71777412282b61447782cfa96c8abc7e"
"simulated_r075_m02","anolis-simulated",742,"anolis_simulated_1000.rds#742","23054dda7fc27959c2e106735640cbdd"
"simulated_r075_m03","anolis-simulated",743,"anolis_simulated_1000.rds#743","c8bf5cc2340b4937ab6d2a0d8f49f653"
"simulated_r075_m04","anolis-simulated",744,"anolis_simulated_1000.rds#744","38a1dbfe8f6c83eb57e77355dd1be009"
"simulated_r075_m05","anolis-simulated",745,"anolis_simulated_1000.rds#745","37d0cf730a8add9ed9292474176e4d96"
"simulated_r075_m06","anolis-simulated",746,"anolis_simulated_1000.rds#746","b246e54a686af3cff51793347484a29d"
"simulated_r075_m07","anolis-simulated",747,"anolis_simulated_1000.rds#747","d65f0f24c50904f1bf89faf586a45b9a"
"simulated_r075_m08","anolis-simulated",748,"anolis_simulated_1000.rds#748","ec392d7d7a9ae5eb95fb2b30c7e1c854"
"simulated_r075_m09","anolis-simulated",749,"anolis_simulated_1000.rds#749","0f0ab4a5b99fc5c592557fc184552ada"
"simulated_r075_m10","anolis-simulated",750,"anolis_simulated_1000.rds#750","f3aec7ae08d2daaa06fe1053962dfd6e"
"simulated_r076_m01","anolis-simulated",751,"anolis_simulated_1000.rds#751","d2545c5190960a6915621faaf6bede06"
"simulated_r076_m02","anolis-simulated",752,"anolis_simulated_1000.rds#752","5e3576f07fb8567d5ebf54e011284deb"
"simulated_r076_m03","anolis-simulated",753,"anolis_simulated_1000.rds#753","95b2851d4da2c1948bfad6d21707b96a"
"simulated_r076_m04","anolis-simulated",754,"anolis_simulated_1000.rds#754","d3558a566a7d674be5b130244c80f3da"
"simulated_r076_m05","anolis-simulated",755,"anolis_simulated_1000.rds#755","227be45e9331f5bf52411f76ce53a820"
"simulated_r076_m06","anolis-simulated",756,"anolis_simulated_1000.rds#756","fe57471ea378529d7a4db6ccd0ca1360"
"simulated_r076_m07","anolis-simulated",757,"anolis_simulated_1000.rds#757","5dfa29ddcb9d7d02cba67c0698cc2ea4"
"simulated_r076_m08","anolis-simulated",758,"anolis_simulated_1000.rds#758","043d05d78054230c9cfbc82e242e519e"
"simulated_r076_m09","anolis-simulated",759,"anolis_simulated_1000.rds#759","52d17c206dca733ef043fa53437cb894"
"simulated_r076_m10","anolis-simulated",760,"anolis_simulated_1000.rds#760","73836317bf09881ee629160e84f8fa26"
"simulated_r077_m01","anolis-simulated",761,"anolis_simulated_1000.rds#761","c3dfa7df597a09ec4ab9788c5c8e1c95"
"simulated_r077_m02","anolis-simulated",762,"anolis_simulated_1000.rds#762","6029772253074bdc27d1bc837a6a688b"
"simulated_r077_m03","anolis-simulated",763,"anolis_simulated_1000.rds#763","42686ec701f8490e00fba0d6b1849a9e"
"simulated_r077_m04","anolis-simulated",764,"anolis_simulated_1000.rds#764","4e45b1a745f75149208508e1fa9ccc8f"
"simulated_r077_m05","anolis-simulated",765,"anolis_simulated_1000.rds#765","797276f5c3d2b1db8c996660c6d4d288"
"simulated_r077_m06","anolis-simulated",766,"anolis_simulated_1000.rds#766","9deef2ec1d4f2e509514085bb87eedd6"
"simulated_r077_m07","anolis-simulated",767,"anolis_simulated_1000.rds#767","cf6378e5a93446dbd356fbc50074f9d0"
"simulated_r077_m08","anolis-simulated",768,"anolis_simulated_1000.rds#768","0045ad727a8e5a96cb28169c1bc5caf0"
"simulated_r077_m09","anolis-simulated",769,"anolis_simulated_1000.rds#769","bb0126ac032255405e8b028d87df1fed"
"simulated_r077_m10","anolis-simulated",770,"anolis_simulated_1000.rds#770","fd13b24bd996fba17d2cfd652793c476"
"simulated_r078_m01","anolis-simulated",771,"anolis_simulated_1000.rds#771","c6c7302f678390df91ba2c52690a2f39"
"simulated_r078_m02","anolis-simulated",772,"anolis_simulated_1000.rds#772","12d1366832b380f4c117edfa46832380"
"simulated_r078_m03","anolis-simulated",773,"anolis_simulated_1000.rds#773","aed52c9ec2fc9ef0f33739a0c161c554"
"simulated_r078_m04","anolis-simulated",774,"anolis_simulated_1000.rds#774","ba523bb2f7d9de338ec9f4f6e64abf59"
"simulated_r078_m05","anolis-simulated",775,"anolis_simulated_1000.rds#775","14f5102379d1acd24dc7a83a36f4ff3e"
"simulated_r078_m06","anolis-simulated",776,"anolis_simulated_1000.rds#776","2b46470181f81d46a80db77c3d70dec4"
"simulated_r078_m07","anolis-simulated",777,"anolis_simulated_1000.rds#777","9fc7fbcb422edbf364c4303dbcb27f9e"
"simulated_r078_m08","anolis-simulated",778,"anolis_simulated_1000.rds#778","5c50a40fa56fba346e8911d056450a55"
"simulated_r078_m09","anolis-simulated",779,"anolis_simulated_1000.rds#779","bd0c933466a0cdcb81c8a5ec59c09bb6"
"simulated_r078_m10","anolis-simulated",780,"anolis_simulated_1000.rds#780","b08195e68fe69e3fb1a907933b0166ff"
"simulated_r079_m01","anolis-simulated",781,"anolis_simulated_1000.rds#781","67cdd167b1c757da7e1b0a7adacf1fa9"
"simulated_r079_m02","anolis-simulated",782,"anolis_simulated_1000.rds#782","34c8a674357a3639b8fbdc572c2cfd94"
"simulated_r079_m03","anolis-simulated",783,"anolis_simulated_1000.rds#783","cd11ff6c689e27739d95f43bb59aafdc"
"simulated_r079_m04","anolis-simulated",784,"anolis_simulated_1000.rds#784","88c1220dc01be265397943aa796d94dc"
"simulated_r079_m05","anolis-simulated",785,"anolis_simulated_1000.rds#785","b4e550d540f6ed7a0f66d4c2bc571506"
"simulated_r079_m06","anolis-simulated",786,"anolis_simulated_1000.rds#786","4fc4ff28eb37901ac432c785daf73a52"
"simulated_r079_m07","anolis-simulated",787,"anolis_simulated_1000.rds#787","85eb836c7fb38095a42ff03824ed748c"
"simulated_r079_m08","anolis-simulated",788,"anolis_simulated_1000.rds#788","20e13c5c6c00b1c50cc185ced1d974e0"
"simulated_r079_m09","anolis-simulated",789,"anolis_simulated_1000.rds#789","5c202e506873739421b8b3c370280cb4"
"simulated_r079_m10","anolis-simulated",790,"anolis_simulated_1000.rds#790","9ca1815dce1c2cf75b6960416c9ab39c"
"simulated_r080_m01","anolis-simulated",791,"anolis_simulated_1000.rds#791","e544627c6fc62e7fb1f006ebaa1b80e2"
"simulated_r080_m02","anolis-simulated",792,"anolis_simulated_1000.rds#792","78397b885b9d2494be55aec4a1838abb"
"simulated_r080_m03","anolis-simulated",793,"anolis_simulated_1000.rds#793","3ec45d3b059c85c0b48d38825aabf46e"
"simulated_r080_m04","anolis-simulated",794,"anolis_simulated_1000.rds#794","ea1d5a7d4870d2c2da2e851e8a9e211a"
"simulated_r080_m05","anolis-simulated",795,"anolis_simulated_1000.rds#795","dd96bbdfd5c9579d87dce31dc3628db9"
"simulated_r080_m06","anolis-simulated",796,"anolis_simulated_1000.rds#796","6c03c7f8e52927a965f9f956307a85b9"
"simulated_r080_m07","anolis-simulated",797,"anolis_simulated_1000.rds#797","fe3f41b0ea48501273476b31113568a4"
"simulated_r080_m08","anolis-simulated",798,"anolis_simulated_1000.rds#798","6f2ccff499fce196ae4be6534d55bb96"
"simulated_r080_m09","anolis-simulated",799,"anolis_simulated_1000.rds#799","90ccb4cf88313f6f93969189144fab6e"
"simulated_r080_m10","anolis-simulated",800,"anolis_simulated_1000.rds#800","fedee8df2f10f26f2d05983f58351caa"
"simulated_r081_m01","anolis-simulated",801,"anolis_simulated_1000.rds#801","73e3cde19d444c18b9da43275563b43b"
"simulated_r081_m02","anolis-simulated",802,"anolis_simulated_1000.rds#802","f71a1085d73e0a37cdb4639fc3339c5a"
"simulated_r081_m03","anolis-simulated",803,"anolis_simulated_1000.rds#803","d40ff05ac0f99ce4b7990ce8568fe82d"
"simulated_r081_m04","anolis-simulated",804,"anolis_simulated_1000.rds#804","f3f409667e2bcaec746f7c19b0631fee"
"simulated_r081_m05","anolis-simulated",805,"anolis_simulated_1000.rds#805","5b17738dd38465a6c27b255fd65a1314"
"simulated_r081_m06","anolis-simulated",806,"anolis_simulated_1000.rds#806","191d689d74d600101778fa96a3d6ca75"
"simulated_r081_m07","anolis-simulated",807,"anolis_simulated_1000.rds#807","ac2bb39d930f6e3a318d19ab6cc4dac5"
"simulated_r081_m08","anolis-simulated",808,"anolis_simulated_1000.rds#808","8a05c757d983ba3d4cf922c7ee3e8868"
"simulated_r081_m09","anolis-simulated",809,"anolis_simulated_1000.rds#809","bd1511a477b2b9a7524517fc5c06ffca"
"simulated_r081_m10","anolis-simulated",810,"anolis_simulated_1000.rds#810","f016b305e651352b0470dacf533a3ee6"
"simulated_r082_m01","anolis-simulated",811,"anolis_simulated_1000.rds#811","177fb985466f9bdc686c0f8d8c57e889"
"simulated_r082_m02","anolis-simulated",812,"anolis_simulated_1000.rds#812","545cdcf7d74dc870912df619a4bdb002"
"simulated_r082_m03","anolis-simulated",813,"anolis_simulated_1000.rds#813","78f1f0463327747918980f6776474128"
"simulated_r082_m04","anolis-simulated",814,"anolis_simulated_1000.rds#814","2726e886c8db1ab60855424aae4ca54f"
"simulated_r082_m05","anolis-simulated",815,"anolis_simulated_1000.rds#815","7745d91c91d94b7e1ff9453385e79931"
"simulated_r082_m06","anolis-simulated",816,"anolis_simulated_1000.rds#816","bd6de14fcaf8dca1fa00a097bb464dbe"
"simulated_r082_m07","anolis-simulated",817,"anolis_simulated_1000.rds#817","fa21bbbbb8326e29fbcf71452a2e2c68"
"simulated_r082_m08","anolis-simulated",818,"anolis_simulated_1000.rds#818","7553b55378b74e9a8d7cc920c3a2a913"
"simulated_r082_m09","anolis-simulated",819,"anolis_simulated_1000.rds#819","7f8c59cc6f25c76e6bbe6769905c29e2"
"simulated_r082_m10","anolis-simulated",820,"anolis_simulated_1000.rds#820","3dd6be2877000eca3f346978c31690b4"
"simulated_r083_m01","anolis-simulated",821,"anolis_simulated_1000.rds#821","5c2fbe0716b312e2c3099ccaf8f4412a"
"simulated_r083_m02","anolis-simulated",822,"anolis_simulated_1000.rds#822","d86c082e2c97e767a4dc137d0d4ad8f1"
"simulated_r083_m03","anolis-simulated",823,"anolis_simulated_1000.rds#823","4470a9d2f915608fc7500994c1be746a"
"simulated_r083_m04","anolis-simulated",824,"anolis_simulated_1000.rds#824","ce5767c83a67b16177f730098627bd82"
"simulated_r083_m05","anolis-simulated",825,"anolis_simulated_1000.rds#825","2ac7768ddf9a0ff4638a040e6a2e4e50"
"simulated_r083_m06","anolis-simulated",826,"anolis_simulated_1000.rds#826","1df76c972c98df505de13e3f8f68c647"
"simulated_r083_m07","anolis-simulated",827,"anolis_simulated_1000.rds#827","1d54521f4e1cafa4269848a53bb81ad0"
"simulated_r083_m08","anolis-simulated",828,"anolis_simulated_1000.rds#828","09c4b9491ea65483602b7ff3a1752d58"
"simulated_r083_m09","anolis-simulated",829,"anolis_simulated_1000.rds#829","658db0279d94b9992f552a3626fa6bf2"
"simulated_r083_m10","anolis-simulated",830,"anolis_simulated_1000.rds#830","6ddcc69d1d2efaf62cb431c0fd979a69"
"simulated_r084_m01","anolis-simulated",831,"anolis_simulated_1000.rds#831","67b2f99493064f7b89076f07665d5cc1"
"simulated_r084_m02","anolis-simulated",832,"anolis_simulated_1000.rds#832","449e3dcf6ac255fe8cf8e98fe3cd91cd"
"simulated_r084_m03","anolis-simulated",833,"anolis_simulated_1000.rds#833","7ae02f479bf65e423b50755fd0647218"
"simulated_r084_m04","anolis-simulated",834,"anolis_simulated_1000.rds#834","eaf42aa39326f2ea7e0263a35bf2fdfe"
"simulated_r084_m05","anolis-simulated",835,"anolis_simulated_1000.rds#835","bf5e3350ec24625ee085ba0a24e4c537"
"simulated_r084_m06","anolis-simulated",836,"anolis_simulated_1000.rds#836","d1464f82cc51396043c821a5be77c88a"
"simulated_r084_m07","anolis-simulated",837,"anolis_simulated_1000.rds#837","a38135453cfa2a41d127916b1ea740ee"
"simulated_r084_m08","anolis-simulated",838,"anolis_simulated_1000.rds#838","5b67608372b07b95de97ce235795ac8a"
"simulated_r084_m09","anolis-simulated",839,"anolis_simulated_1000.rds#839","14955d7d6bf8a539281d84c8b7b7d9d0"
"simulated_r084_m10","anolis-simulated",840,"anolis_simulated_1000.rds#840","199840ed70f3e6711a9adc3c796663aa"
"simulated_r085_m01","anolis-simulated",841,"anolis_simulated_1000.rds#841","2fea2d4830bd1db0103d605457d1dd1e"
"simulated_r085_m02","anolis-simulated",842,"anolis_simulated_1000.rds#842","dd18286ee0f041eb5cb6e902cc81fccb"
"simulated_r085_m03","anolis-simulated",843,"anolis_simulated_1000.rds#843","b89fc94d17fdaf2b3aff76c132e171ef"
"simulated_r085_m04","anolis-simulated",844,"anolis_simulated_1000.rds#844","4ae5626dd6e7868d3fd238bb3f9f1b6b"
"simulated_r085_m05","anolis-simulated",845,"anolis_simulated_1000.rds#845","7e4c766d349c0d5289fc262040d4818e"
"simulated_r085_m06","anolis-simulated",846,"anolis_simulated_1000.rds#846","3a3f2324a880852c019c06c841a70c84"
"simulated_r085_m07","anolis-simulated",847,"anolis_simulated_1000.rds#847","4e9e850ce9a31800e43b765527a5dcf7"
"simulated_r085_m08","anolis-simulated",848,"anolis_simulated_1000.rds#848","000b7c0233d6a063478c006169fae652"
"simulated_r085_m09","anolis-simulated",849,"anolis_simulated_1000.rds#849","420e891f0cc9a26e7d9fa83d045ccea9"
"simulated_r085_m10","anolis-simulated",850,"anolis_simulated_1000.rds#850","b1385039cab4ae9900f7688c298af017"
"simulated_r086_m01","anolis-simulated",851,"anolis_simulated_1000.rds#851","150145387a537897847d690151178882"
"simulated_r086_m02","anolis-simulated",852,"anolis_simulated_1000.rds#852","17bbba44b39c3ca35a3d89bdf6c40c50"
"simulated_r086_m03","anolis-simulated",853,"anolis_simulated_1000.rds#853","e5a68542b7ad5d99ddb5532e930bf90a"
"simulated_r086_m04","anolis-simulated",854,"anolis_simulated_1000.rds#854","2818517725704af5f2d0ff71fd5814e1"
"simulated_r086_m05","anolis-simulated",855,"anolis_simulated_1000.rds#855","c5324ee08fb2f915f12a905b9e5c8d7b"
"simulated_r086_m06","anolis-simulated",856,"anolis_simulated_1000.rds#856","809f0809f9ea05340b55eb6178cfc7a8"
"simulated_r086_m07","anolis-simulated",857,"anolis_simulated_1000.rds#857","1e196e6133aa09f27eaf3ca42ef914d2"
"simulated_r086_m08","anolis-simulated",858,"anolis_simulated_1000.rds#858","35ef1f42ca0564cf146e315f2671d1cb"
"simulated_r086_m09","anolis-simulated",859,"anolis_simulated_1000.rds#859","fee7b642ce820b01b94cf8ecad46c9b8"
"simulated_r086_m10","anolis-simulated",860,"anolis_simulated_1000.rds#860","7ce7e6110908e36eef9bbee9c38e5971"
"simulated_r087_m01","anolis-simulated",861,"anolis_simulated_1000.rds#861","6b39fe13b30185ade7a447fc68f692d0"
"simulated_r087_m02","anolis-simulated",862,"anolis_simulated_1000.rds#862","8c3863a96f684fb755ef05f8ce190070"
"simulated_r087_m03","anolis-simulated",863,"anolis_simulated_1000.rds#863","b612032183e1c45774b33b8278d24012"
"simulated_r087_m04","anolis-simulated",864,"anolis_simulated_1000.rds#864","eb72894297c7783870e0930caecced6b"
"simulated_r087_m05","anolis-simulated",865,"anolis_simulated_1000.rds#865","b969bccf47db3d05a13ce9d30639ba6a"
"simulated_r087_m06","anolis-simulated",866,"anolis_simulated_1000.rds#866","f044a4f0b28314c873b8f5aa5bfa38d5"
"simulated_r087_m07","anolis-simulated",867,"anolis_simulated_1000.rds#867","6085e594c055cf3a34e6feb1e8642c28"
"simulated_r087_m08","anolis-simulated",868,"anolis_simulated_1000.rds#868","ee7ba90204a09d2227fcc08440fd1d46"
"simulated_r087_m09","anolis-simulated",869,"anolis_simulated_1000.rds#869","7ade1e42905295ae0b7b47f67a174133"
"simulated_r087_m10","anolis-simulated",870,"anolis_simulated_1000.rds#870","963190c2c609dc53d4a93f6c9814efc4"
"simulated_r088_m01","anolis-simulated",871,"anolis_simulated_1000.rds#871","6fa616764db59482a31eb7f60022b568"
"simulated_r088_m02","anolis-simulated",872,"anolis_simulated_1000.rds#872","ad3e671e89483c5a65939558f987985c"
"simulated_r088_m03","anolis-simulated",873,"anolis_simulated_1000.rds#873","9417fc3381be1cf4cf35f42404dd158b"
"simulated_r088_m04","anolis-simulated",874,"anolis_simulated_1000.rds#874","0cb72584fbd2a9b40c9794616360dc64"
"simulated_r088_m05","anolis-simulated",875,"anolis_simulated_1000.rds#875","78087bf18757d2d645f34c6d60de7e19"
"simulated_r088_m06","anolis-simulated",876,"anolis_simulated_1000.rds#876","d2270781dde178b8211ff8f5403aa913"
"simulated_r088_m07","anolis-simulated",877,"anolis_simulated_1000.rds#877","306d7d494e7ff86f01bd6c97d8822efa"
"simulated_r088_m08","anolis-simulated",878,"anolis_simulated_1000.rds#878","edf6269b62205d286d1c3bd2da18d630"
"simulated_r088_m09","anolis-simulated",879,"anolis_simulated_1000.rds#879","aa193deb4f3dec4c59d9011117d829f4"
"simulated_r088_m10","anolis-simulated",880,"anolis_simulated_1000.rds#880","7f152caba4b2fc4a35e7375fcee0b529"
"simulated_r089_m01","anolis-simulated",881,"anolis_simulated_1000.rds#881","fcd2243ead6c5ec9561982fc245497b7"
"simulated_r089_m02","anolis-simulated",882,"anolis_simulated_1000.rds#882","9b10ce9cabe49a85ce0d99f621fbd6a4"
"simulated_r089_m03","anolis-simulated",883,"anolis_simulated_1000.rds#883","ef1c5fce0590c5c66268a25525456ef1"
"simulated_r089_m04","anolis-simulated",884,"anolis_simulated_1000.rds#884","1e1ce3c490b8b1c4e4ef55fd8673c55e"
"simulated_r089_m05","anolis-simulated",885,"anolis_simulated_1000.rds#885","b26d67f019ad0864ee87065f11537cde"
"simulated_r089_m06","anolis-simulated",886,"anolis_simulated_1000.rds#886","8373da7c0cc327520bef864d3cefec34"
"simulated_r089_m07","anolis-simulated",887,"anolis_simulated_1000.rds#887","fa7a560bc29ca1ec62190aca43ea1674"
"simulated_r089_m08","anolis-simulated",888,"anolis_simulated_1000.rds#888","9426347cadaafde8deee25ef07164f5b"
"simulated_r089_m09","anolis-simulated",889,"anolis_simulated_1000.rds#889","a12ecc1531d84c3f17601c7a555a77c3"
"simulated_r089_m10","anolis-simulated",890,"anolis_simulated_1000.rds#890","b1914a06e6012401f1cf7ca61c373bdd"
"simulated_r090_m01","anolis-simulated",891,"anolis_simulated_1000.rds#891","a0b022c4123114293c66901b92f159bf"
"simulated_r090_m02","anolis-simulated",892,"anolis_simulated_1000.rds#892","c37a054e3aefe02b04c49d5af8800ee4"
"simulated_r090_m03","anolis-simulated",893,"anolis_simulated_1000.rds#893","33ce4812db5259ab4c23dafba2ae3c73"
"simulated_r090_m04","anolis-simulated",894,"anolis_simulated_1000.rds#894","134096acbf4d68fa81b280449a6fab06"
"simulated_r090_m05","anolis-simulated",895,"anolis_simulated_1000.rds#895","d8784804cfdfaab9de282aaff94e5f04"
"simulated_r090_m06","anolis-simulated",896,"anolis_simulated_1000.rds#896","3975760273b8412afc70d86826122fd3"
"simulated_r090_m07","anolis-simulated",897,"anolis_simulated_1000.rds#897","a41b12bd3ae9675ef96bf7a84873338b"
"simulated_r090_m08","anolis-simulated",898,"anolis_simulated_1000.rds#898","a5b00701904e43859b6b0ba78fd33342"
"simulated_r090_m09","anolis-simulated",899,"anolis_simulated_1000.rds#899","7e1216feec7f9e0b5556d76f03f26880"
"simulated_r090_m10","anolis-simulated",900,"anolis_simulated_1000.rds#900","fbdc778b740b57d01ee6e24517178b07"
"simulated_r091_m01","anolis-simulated",901,"anolis_simulated_1000.rds#901","e24ac35319d5d49bd74632ea102ca0fc"
"simulated_r091_m02","anolis-simulated",902,"anolis_simulated_1000.rds#902","2de68b8109ad08c67d646a42c6878ad0"
"simulated_r091_m03","anolis-simulated",903,"anolis_simulated_1000.rds#903","b1511ab2d3a787759fb0c5f4627c1d79"
"simulated_r091_m04","anolis-simulated",904,"anolis_simulated_1000.rds#904","dfd23c408cce62bbfdc7dc8c2e0db4e4"
"simulated_r091_m05","anolis-simulated",905,"anolis_simulated_1000.rds#905","b90998392d2a7f4339122e39b83a8df3"
"simulated_r091_m06","anolis-simulated",906,"anolis_simulated_1000.rds#906","386456f7de84405636975acf580a6c2a"
"simulated_r091_m07","anolis-simulated",907,"anolis_simulated_1000.rds#907","7944454c404a5dcbabb8eccf893422df"
"simulated_r091_m08","anolis-simulated",908,"anolis_simulated_1000.rds#908","18685d47388950bd4b7a7d81fc17b189"
"simulated_r091_m09","anolis-simulated",909,"anolis_simulated_1000.rds#909","af256f684e68347ec590f9ea7d7e6b44"
"simulated_r091_m10","anolis-simulated",910,"anolis_simulated_1000.rds#910","921c6bf0738837bdfce7446c40127e4d"
"simulated_r092_m01","anolis-simulated",911,"anolis_simulated_1000.rds#911","727bbf286fa4d20e519e70b84cc5717d"
"simulated_r092_m02","anolis-simulated",912,"anolis_simulated_1000.rds#912","adf857f9f0bf874f786b581101d53053"
"simulated_r092_m03","anolis-simulated",913,"anolis_simulated_1000.rds#913","d1d158480b85e17f96ec403288cc3537"
"simulated_r092_m04","anolis-simulated",914,"anolis_simulated_1000.rds#914","c3f079681ba309adb19eae2fe466f2cc"
"simulated_r092_m05","anolis-simulated",915,"anolis_simulated_1000.rds#915","378e90dc0f4a2a143c82c855938e90c9"
"simulated_r092_m06","anolis-simulated",916,"anolis_simulated_1000.rds#916","345703798c47b7aad22589a1ffe14b44"
"simulated_r092_m07","anolis-simulated",917,"anolis_simulated_1000.rds#917","2a847ec64c9b3e94e7bcd50702b377d8"
"simulated_r092_m08","anolis-simulated",918,"anolis_simulated_1000.rds#918","6e2f73a8f79dd14769563403fb53aad4"
"simulated_r092_m09","anolis-simulated",919,"anolis_simulated_1000.rds#919","ee9dc5b25936b77907936285fc81cb56"
"simulated_r092_m10","anolis-simulated",920,"anolis_simulated_1000.rds#920","48d2089e2df90a22cec8da15d7d3abe1"
"simulated_r093_m01","anolis-simulated",921,"anolis_simulated_1000.rds#921","dbba459ee04e1934441c5eae926db1f9"
"simulated_r093_m02","anolis-simulated",922,"anolis_simulated_1000.rds#922","9bff5a3434956eecaf91988ca0fc26a2"
"simulated_r093_m03","anolis-simulated",923,"anolis_simulated_1000.rds#923","41f182f5b70c0d41710b1d6d2aeb3295"
"simulated_r093_m04","anolis-simulated",924,"anolis_simulated_1000.rds#924","98dd5ba527cf5b7cac040cb705bf53f9"
"simulated_r093_m05","anolis-simulated",925,"anolis_simulated_1000.rds#925","09ccbae92486ff686b00b151530e9c25"
"simulated_r093_m06","anolis-simulated",926,"anolis_simulated_1000.rds#926","65b64b7b1615d4167d7497d10434de35"
"simulated_r093_m07","anolis-simulated",927,"anolis_simulated_1000.rds#927","a5876f3dad53c61996303d694167b418"
"simulated_r093_m08","anolis-simulated",928,"anolis_simulated_1000.rds#928","73aa4f9aa9cd5c1c7e40719f64098fc4"
"simulated_r093_m09","anolis-simulated",929,"anolis_simulated_1000.rds#929","3ec90f9157d0a82317ac54c13728311e"
"simulated_r093_m10","anolis-simulated",930,"anolis_simulated_1000.rds#930","fa29be9b804d35e8fb8e03a59cf83134"
"simulated_r094_m01","anolis-simulated",931,"anolis_simulated_1000.rds#931","9745c29912e0d379cb282dfb12ff3eaa"
"simulated_r094_m02","anolis-simulated",932,"anolis_simulated_1000.rds#932","7f11045d415790b2dc083fa2a542e753"
"simulated_r094_m03","anolis-simulated",933,"anolis_simulated_1000.rds#933","c9541736abe0d6617cee4e6f61a50a38"
"simulated_r094_m04","anolis-simulated",934,"anolis_simulated_1000.rds#934","98a1f99ae9cbc0cd4dfbc587ed4b70ae"
"simulated_r094_m05","anolis-simulated",935,"anolis_simulated_1000.rds#935","52159c457226bfee890f0d1f32cd1a2b"
"simulated_r094_m06","anolis-simulated",936,"anolis_simulated_1000.rds#936","167cf99bc72dfe0ba10250cd9edf9afb"
"simulated_r094_m07","anolis-simulated",937,"anolis_simulated_1000.rds#937","4a43ece555450b98429dbd8c2e6fb1d7"
"simulated_r094_m08","anolis-simulated",938,"anolis_simulated_1000.rds#938","fd9fc78d145fa9049ce20208413aa319"
"simulated_r094_m09","anolis-simulated",939,"anolis_simulated_1000.rds#939","b39475cf847ce8cad71ff96598d4e1e1"
"simulated_r094_m10","anolis-simulated",940,"anolis_simulated_1000.rds#940","28a6bf75e9213e0b02a41fa60a66b876"
"simulated_r095_m01","anolis-simulated",941,"anolis_simulated_1000.rds#941","cfcfd5f8a4225eb58777e62d49e8f88d"
"simulated_r095_m02","anolis-simulated",942,"anolis_simulated_1000.rds#942","8701be572b14588e4a7b0a47d7906517"
"simulated_r095_m03","anolis-simulated",943,"anolis_simulated_1000.rds#943","3a3bcb5d6748cfa229154bea0ec88154"
"simulated_r095_m04","anolis-simulated",944,"anolis_simulated_1000.rds#944","051ec265f5978e48b2f2deb21ee55961"
"simulated_r095_m05","anolis-simulated",945,"anolis_simulated_1000.rds#945","f9afa69c38dd3c1a2c75c3e537e3739a"
"simulated_r095_m06","anolis-simulated",946,"anolis_simulated_1000.rds#946","4daa5dc9c4d95c35434d17061abb01ac"
"simulated_r095_m07","anolis-simulated",947,"anolis_simulated_1000.rds#947","cfef9be77a92fb1c2a636ad91236bbc9"
"simulated_r095_m08","anolis-simulated",948,"anolis_simulated_1000.rds#948","ab586916de17cd4d9ebe1c9a36d3c5a1"
"simulated_r095_m09","anolis-simulated",949,"anolis_simulated_1000.rds#949","3fe3a93586c69cec9bc0e86ed10aaee9"
"simulated_r095_m10","anolis-simulated",950,"anolis_simulated_1000.rds#950","5a8f83ee895f0f82d40c7e8686527b38"
"simulated_r096_m01","anolis-simulated",951,"anolis_simulated_1000.rds#951","f9a0a99c034985c2f54a71a089158898"
"simulated_r096_m02","anolis-simulated",952,"anolis_simulated_1000.rds#952","bb5e67cead2c1b95651cfd9cbf3c04b0"
"simulated_r096_m03","anolis-simulated",953,"anolis_simulated_1000.rds#953","4f83d38d7d634707daf6a4739da40620"
"simulated_r096_m04","anolis-simulated",954,"anolis_simulated_1000.rds#954","b5a11ce00895e82f83b7b11d10381d09"
"simulated_r096_m05","anolis-simulated",955,"anolis_simulated_1000.rds#955","04b5c6e1203c88660137c63fd893a2e9"
"simulated_r096_m06","anolis-simulated",956,"anolis_simulated_1000.rds#956","71e89d3bda7e630cdb9e47ec364d2270"
"simulated_r096_m07","anolis-simulated",957,"anolis_simulated_1000.rds#957","3ade6d46a6e8fdb9d5ce5a29d699633d"
"simulated_r096_m08","anolis-simulated",958,"anolis_simulated_1000.rds#958","c3c1918c74b47a524b1d726d15d45a9f"
"simulated_r096_m09","anolis-simulated",959,"anolis_simulated_1000.rds#959","c92138c1ef4332d64ffcd56fa65895ef"
"simulated_r096_m10","anolis-simulated",960,"anolis_simulated_1000.rds#960","3119d6bd0150e28513d30186cd39fd07"
"simulated_r097_m01","anolis-simulated",961,"anolis_simulated_1000.rds#961","9fece77efcc031227dd02233faa584d6"
"simulated_r097_m02","anolis-simulated",962,"anolis_simulated_1000.rds#962","488f01dfff30a7cf27ccb02a7f4a4f0b"
"simulated_r097_m03","anolis-simulated",963,"anolis_simulated_1000.rds#963","3b62dc122ebcbfd503c1be62320fa7fd"
"simulated_r097_m04","anolis-simulated",964,"anolis_simulated_1000.rds#964","e49654fb147a4474468fa7141dd5ff31"
"simulated_r097_m05","anolis-simulated",965,"anolis_simulated_1000.rds#965","486637007322255d2c3ddb520e9479b2"
"simulated_r097_m06","anolis-simulated",966,"anolis_simulated_1000.rds#966","2cd6fea811415b91d1e21129e2bcf74f"
"simulated_r097_m07","anolis-simulated",967,"anolis_simulated_1000.rds#967","55827d2ba08938b8adc0371e31ba7a5f"
"simulated_r097_m08","anolis-simulated",968,"anolis_simulated_1000.rds#968","3b178f5409fcc162ee19c994f0db87d3"
"simulated_r097_m09","anolis-simulated",969,"anolis_simulated_1000.rds#969","91e6af7f7751adbf09e3d1257359921a"
"simulated_r097_m10","anolis-simulated",970,"anolis_simulated_1000.rds#970","ccfa078e67c887b2d5d383e66f90848b"
"simulated_r098_m01","anolis-simulated",971,"anolis_simulated_1000.rds#971","d0c2cbca7e55f5c323621adacc43101e"
"simulated_r098_m02","anolis-simulated",972,"anolis_simulated_1000.rds#972","5b0ab078bb7c05e3942bb93532a3d081"
"simulated_r098_m03","anolis-simulated",973,"anolis_simulated_1000.rds#973","c96681c8654e659c8154f3dfaa9845e2"
"simulated_r098_m04","anolis-simulated",974,"anolis_simulated_1000.rds#974","2aa2110100470e55487e6768c69019cc"
"simulated_r098_m05","anolis-simulated",975,"anolis_simulated_1000.rds#975","d5b1922f7a66133ec508ad8be0846f51"
"simulated_r098_m06","anolis-simulated",976,"anolis_simulated_1000.rds#976","e3f32e2bde36fd4f843dac7bd597c889"
"simulated_r098_m07","anolis-simulated",977,"anolis_simulated_1000.rds#977","898bb62b6f3fe8402ed86082367cd687"
"simulated_r098_m08","anolis-simulated",978,"anolis_simulated_1000.rds#978","f3bdd4439b6c59798bec5d6b55b8a238"
"simulated_r098_m09","anolis-simulated",979,"anolis_simulated_1000.rds#979","a4b6a8e414d23d396658b3b873109107"
"simulated_r098_m10","anolis-simulated",980,"anolis_simulated_1000.rds#980","4ae3b08193af43ffd068f514a9e23969"
"simulated_r099_m01","anolis-simulated",981,"anolis_simulated_1000.rds#981","0b8d6df06a703a9c9db48913ececb370"
"simulated_r099_m02","anolis-simulated",982,"anolis_simulated_1000.rds#982","62fd2fc8b8328ff68bfb42cf06f9e331"
"simulated_r099_m03","anolis-simulated",983,"anolis_simulated_1000.rds#983","cf8a73da16ed2c88f2ceef2ece152c32"
"simulated_r099_m04","anolis-simulated",984,"anolis_simulated_1000.rds#984","1627e5fd9d38c085f38ef77b54ae7a33"
"simulated_r099_m05","anolis-simulated",985,"anolis_simulated_1000.rds#985","f36fa14200a223d46ce310b19b92d821"
"simulated_r099_m06","anolis-simulated",986,"anolis_simulated_1000.rds#986","ac97a5277ff874b525a9a286995661a4"
"simulated_r099_m07","anolis-simulated",987,"anolis_simulated_1000.rds#987","2cfb1ed70c901e87617af9707c17a1a2"
"simulated_r099_m08","anolis-simulated",988,"anolis_simulated_1000.rds#988","293c5bec565dc585aec080b2781677cb"
"simulated_r099_m09","anolis-simulated",989,"anolis_simulated_1000.rds#989","53720976b991b3f78b8fa58dd1fa0231"
"simulated_r099_m10","anolis-simulated",990,"anolis_simulated_1000.rds#990","4203bf6ea3c3896545fcb4f3072fb060"
"simulated_r100_m01","anolis-simulated",991,"anolis_simulated_1000.rds#991","0aedaad0bf5d56d2f3dc38126b1323dc"
"simulated_r100_m02","anolis-simulated",992,"anolis_simulated_1000.rds#992","add03a40ed85723331e65ea9a8f76614"
"simulated_r100_m03","anolis-simulated",993,"anolis_simulated_1000.rds#993","9663928e8620440c4be4ea8bd821e2fa"
"simulated_r100_m04","anolis-simulated",994,"anolis_simulated_1000.rds#994","4a1e9d702cb5a91776b5f325d4e5086d"
"simulated_r100_m05","anolis-simulated",995,"anolis_simulated_1000.rds#995","d500399ff84f620a5aea6f3a62182537"
"simulated_r100_m06","anolis-simulated",996,"anolis_simulated_1000.rds#996","ec237fe8199350b4b13f804b0cb3c3e0"
"simulated_r100_m07","anolis-simulated",997,"anolis_simulated_1000.rds#997","2b222549bd4c5772a1e57f4d9d9245e4"
"simulated_r100_m08","anolis-simulated",998,"anolis_simulated_1000.rds#998","820ce6b210572a3b147d877f22f81c71"
"simulated_r100_m09","anolis-simulated",999,"anolis_simulated_1000.rds#999","bba027e39c976f46f8b0a450fa97f7ac"
"simulated_r100_m10","anolis-simulated",1000,"anolis_simulated_1000.rds#1000","b226c641fe71a07d63b62e05dca5145b"
